{"type":"FeatureCollection","features":[{"type":"Feature","geometry":{"type":"Polygon","coordinates":[[[-100.832,24.555],[-100.854,24.54],[-100.886,24.523],[-100.901,24.458],[-100.948,24.422],[-100.976,24.359],[-101.015,24.34],[-101.078,24.343],[-101.105,24.324],[-101.113,24.269],[-101.14,24.236],[-101.15,24.204],[-101.204,24.172],[-101.279,24.154],[-101.305,24.132],[-101.322,24.1],[-101.321,24.037],[-101.338,24.005],[-101.297,23.962],[-101.312,23.921],[-101.334,23.885],[-101.345,23.853],[-101.389,23.797],[-101.444,23.779],[-101.561,23.748],[-101.578,23.738],[-101.626,23.684],[-101.68,23.595],[-101.717,23.549],[-101.744,23.524],[-101.859,23.47],[-101.935,23.448],[-101.95,23.439],[-101.984,23.401],[-102.005,23.348],[-102.041,23.337],[-102.123,23.327],[-102.2,23.349],[-102.215,23.361],[-102.241,23.354],[-102.276,23.292],[-102.252,23.262],[-102.249,23.244],[-102.272,23.2],[-102.231,23.088],[-102.237,23.051],[-102.263,23.001],[-102.281,22.941],[-102.289,22.894],[-102.279,22.838],[-102.241,22.801],[-102.169,22.757],[-102.114,22.732],[-102.075,22.708],[-102.03,22.658],[-101.938,22.646],[-101.895,22.625],[-101.858,22.55],[-101.829,22.504],[-101.799,22.475],[-101.776,22.468],[-101.716,22.473],[-101.619,22.5],[-101.6,22.512],[-101.559,22.564],[-101.442,22.671],[-101.383,22.698],[-101.355,22.699],[-101.276,22.604],[-101.274,22.577],[-101.283,22.542],[-101.345,22.406],[-101.402,22.306],[-101.415,22.271],[-101.412,22.248],[-101.37,22.175],[-101.36,22.128],[-101.375,22.067],[-101.399,22.005],[-101.431,21.941],[-101.46,21.894],[-101.476,21.857],[-101.493,21.829],[-101.509,21.822],[-101.547,21.845],[-101.642,21.888],[-101.749,21.975],[-101.834,22.018],[-101.93,22.048],[-101.975,22.052],[-101.994,22.071],[-102.021,22.128],[-102.033,22.164],[-102.044,22.218],[-102.07,22.239],[-102.168,22.28],[-102.222,22.316],[-102.275,22.366],[-102.306,22.418],[-102.335,22.412],[-102.35,22.365],[-102.398,22.33],[-102.478,22.297],[-102.537,22.257],[-102.562,22.247],[-102.609,22.243],[-102.652,22.216],[-102.665,22.193],[-102.674,22.137],[-102.689,22.095],[-102.709,22.06],[-102.779,21.983],[-102.822,21.924],[-102.85,21.869],[-102.871,21.817],[-102.868,21.772],[-102.842,21.737],[-102.788,21.692],[-102.775,21.688],[-102.779,21.605],[-102.752,21.536],[-102.641,21.47],[-102.639,21.446],[-102.661,21.369],[-102.699,21.32],[-102.791,21.267],[-102.84,21.231],[-102.884,21.189],[-102.934,21.158],[-102.994,21.177],[-103.049,21.159],[-103.074,21.139],[-103.087,21.063],[-103.106,21.048],[-103.146,21.043],[-103.151,21.029],[-103.196,21.033],[-103.219,21.045],[-103.272,21.036],[-103.281,21.015],[-103.316,21.017],[-103.356,20.999],[-103.411,21.026],[-103.434,21.045],[-103.472,21.06],[-103.529,21.051],[-103.562,21.052],[-103.599,21.071],[-103.629,21.135],[-103.659,21.165],[-103.734,21.18],[-103.759,21.188],[-103.758,21.219],[-103.605,21.275],[-103.573,21.292],[-103.558,21.317],[-103.554,21.355],[-103.567,21.377],[-103.595,21.382],[-103.635,21.364],[-103.672,21.384],[-103.701,21.437],[-103.706,21.477],[-103.695,21.485],[-103.635,21.494],[-103.626,21.514],[-103.591,21.538],[-103.57,21.564],[-103.557,21.656],[-103.569,21.694],[-103.564,21.723],[-103.524,21.753],[-103.488,21.771],[-103.447,21.8],[-103.377,21.865],[-103.326,21.892],[-103.246,21.927],[-103.195,21.935],[-103.166,21.961],[-103.133,22.024],[-103.118,22.069],[-103.088,22.177],[-103.09,22.198],[-103.111,22.212],[-103.197,22.218],[-103.216,22.234],[-103.212,22.255],[-103.186,22.29],[-103.202,22.322],[-103.289,22.328],[-103.352,22.311],[-103.364,22.301],[-103.377,22.252],[-103.363,22.215],[-103.336,22.209],[-103.327,22.194],[-103.361,22.158],[-103.407,22.139],[-103.423,22.123],[-103.46,22.059],[-103.496,22.042],[-103.524,22.062],[-103.575,22.069],[-103.602,22.04],[-103.68,22.04],[-103.703,22.065],[-103.699,22.081],[-103.65,22.151],[-103.6,22.236],[-103.548,22.311],[-103.546,22.354],[-103.552,22.383],[-103.57,22.426],[-103.626,22.475],[-103.683,22.494],[-103.743,22.486],[-103.82,22.469],[-103.845,22.448],[-103.848,22.375],[-103.841,22.263],[-103.845,22.186],[-103.86,22.143],[-103.883,22.138],[-103.907,22.149],[-103.931,22.173],[-103.955,22.215],[-103.96,22.247],[-103.954,22.339],[-103.913,22.45],[-103.886,22.495],[-103.828,22.565],[-103.784,22.596],[-103.777,22.629],[-103.8,22.65],[-103.85,22.667],[-103.888,22.668],[-103.956,22.652],[-103.997,22.631],[-104.042,22.596],[-104.047,22.567],[-104.004,22.483],[-103.977,22.424],[-103.971,22.371],[-104.012,22.327],[-104.084,22.284],[-104.095,22.303],[-104.071,22.357],[-104.052,22.423],[-104.074,22.437],[-104.136,22.41],[-104.175,22.408],[-104.198,22.394],[-104.209,22.364],[-104.212,22.332],[-104.201,22.303],[-104.212,22.281],[-104.233,22.294],[-104.266,22.294],[-104.296,22.271],[-104.309,22.249],[-104.338,22.265],[-104.355,22.3],[-104.359,22.346],[-104.355,22.383],[-104.363,22.403],[-104.33,22.473],[-104.317,22.516],[-104.276,22.572],[-104.257,22.587],[-104.148,22.625],[-104.138,22.649],[-104.139,22.717],[-104.128,22.777],[-104.132,22.854],[-104.166,22.968],[-104.163,23.016],[-104.115,23.085],[-104.108,23.117],[-104.084,23.13],[-104.06,23.248],[-104.032,23.343],[-104.028,23.413],[-104.007,23.45],[-103.936,23.519],[-103.876,23.562],[-103.824,23.609],[-103.822,23.633],[-103.843,23.696],[-103.859,23.766],[-103.841,23.81],[-103.856,23.879],[-103.844,23.941],[-103.858,24.001],[-103.89,24.02],[-103.89,24.057],[-103.88,24.068],[-103.811,24.081],[-103.784,24.095],[-103.694,24.173],[-103.661,24.226],[-103.612,24.277],[-103.516,24.344],[-103.497,24.393],[-103.451,24.437],[-103.428,24.443],[-103.394,24.435],[-103.351,24.437],[-103.273,24.433],[-103.183,24.408],[-103.131,24.418],[-103.094,24.437],[-103.049,24.433],[-103.009,24.408],[-102.965,24.392],[-102.903,24.376],[-102.872,24.409],[-102.846,24.412],[-102.805,24.4],[-102.706,24.411],[-102.593,24.416],[-102.563,24.422],[-102.558,24.447],[-102.577,24.475],[-102.538,24.494],[-102.57,24.599],[-102.579,24.64],[-102.614,24.646],[-102.627,24.657],[-102.609,24.725],[-102.612,24.786],[-102.595,24.836],[-102.604,24.855],[-102.627,24.87],[-102.688,24.895],[-102.703,24.936],[-102.737,24.958],[-102.734,25.008],[-102.748,25.027],[-102.747,25.086],[-102.722,25.106],[-102.656,25.11],[-102.58,25.128],[-102.546,25.13],[-102.507,25.145],[-102.471,25.148],[-102.374,25.141],[-102.252,25.125],[-102.16,25.128],[-102.131,25.122],[-102.029,25.06],[-101.963,25.04],[-101.929,25.025],[-101.851,24.965],[-101.765,24.852],[-101.744,24.851],[-101.706,24.867],[-101.66,24.856],[-101.644,24.782],[-101.642,24.738],[-101.635,24.726],[-101.605,24.722],[-101.522,24.726],[-101.485,24.757],[-101.431,24.765],[-101.395,24.776],[-101.34,24.774],[-101.276,24.763],[-101.227,24.733],[-101.207,24.705],[-101.184,24.651],[-101.15,24.596],[-101.118,24.561],[-101.095,24.548],[-101.011,24.518],[-100.954,24.532],[-100.947,24.56],[-100.917,24.572],[-100.847,24.563],[-100.832,24.555]]]},"properties":{"name":"Zacatecas"},"id":"MX-ZAC"},{"type":"Feature","geometry":{"type":"Polygon","coordinates":[[[-87.539,21.486],[-87.531,21.461],[-87.526,21.288],[-87.531,21.259],[-87.566,21.227],[-87.57,21.182],[-87.583,21.149],[-87.585,21.109],[-87.559,21.062],[-87.532,20.988],[-87.536,20.952],[-87.582,20.875],[-87.6,20.829],[-87.601,20.783],[-87.635,20.742],[-87.646,20.683],[-87.69,20.631],[-87.749,20.608],[-87.776,20.58],[-87.848,20.533],[-87.874,20.507],[-87.916,20.479],[-87.998,20.438],[-88.058,20.441],[-88.12,20.425],[-88.148,20.456],[-88.165,20.463],[-88.212,20.441],[-88.257,20.373],[-88.272,20.338],[-88.26,20.311],[-88.262,20.255],[-88.276,20.253],[-88.293,20.296],[-88.314,20.316],[-88.354,20.317],[-88.374,20.301],[-88.402,20.232],[-88.405,20.212],[-88.449,20.183],[-88.479,20.18],[-88.524,20.161],[-88.546,20.143],[-88.644,20.119],[-88.69,20.086],[-88.715,20.08],[-88.79,20.019],[-88.779,19.993],[-88.805,19.986],[-88.815,20.009],[-88.852,20.006],[-88.873,19.978],[-88.896,19.968],[-88.911,19.949],[-88.958,19.933],[-89.056,19.932],[-89.087,19.912],[-89.153,19.892],[-89.175,19.86],[-89.208,19.84],[-89.248,19.84],[-89.326,19.827],[-89.35,19.833],[-89.372,19.815],[-89.365,19.782],[-89.378,19.727],[-89.415,19.651],[-89.433,19.669],[-89.443,19.739],[-89.464,19.799],[-89.499,19.838],[-89.548,19.88],[-89.591,19.934],[-89.614,19.995],[-89.638,20.028],[-89.676,20.056],[-89.715,20.076],[-89.758,20.088],[-89.792,20.107],[-89.812,20.138],[-89.839,20.223],[-89.871,20.275],[-89.944,20.319],[-89.955,20.351],[-89.967,20.358],[-89.962,20.393],[-89.988,20.419],[-90.003,20.459],[-90.02,20.47],[-90.052,20.442],[-90.068,20.404],[-90.087,20.4],[-90.125,20.438],[-90.147,20.439],[-90.169,20.424],[-90.187,20.431],[-90.213,20.492],[-90.226,20.507],[-90.254,20.514],[-90.374,20.519],[-90.39,20.526],[-90.384,20.801],[-90.392,20.822],[-90.416,20.811],[-90.402,20.86],[-90.361,20.971],[-90.319,21.023],[-90.204,21.089],[-90.157,21.121],[-90.096,21.155],[-90.05,21.162],[-89.996,21.177],[-89.913,21.224],[-89.876,21.225],[-89.866,21.242],[-89.827,21.253],[-89.711,21.279],[-89.708,21.264],[-89.664,21.288],[-89.572,21.301],[-89.504,21.316],[-89.394,21.331],[-89.259,21.344],[-89.183,21.354],[-89.105,21.358],[-89.074,21.368],[-89.013,21.374],[-88.885,21.395],[-88.841,21.398],[-88.794,21.421],[-88.738,21.43],[-88.697,21.446],[-88.665,21.466],[-88.64,21.47],[-88.618,21.522],[-88.546,21.535],[-88.526,21.533],[-88.46,21.553],[-88.398,21.566],[-88.358,21.564],[-88.315,21.552],[-88.269,21.556],[-88.243,21.568],[-88.216,21.57],[-88.126,21.625],[-88.042,21.607],[-88.049,21.59],[-87.98,21.567],[-87.919,21.558],[-87.907,21.567],[-87.836,21.557],[-87.817,21.527],[-87.776,21.506],[-87.725,21.497],[-87.689,21.502],[-87.675,21.49],[-87.614,21.482],[-87.597,21.497],[-87.539,21.486]]]},"properties":{"name":"Yucatán"},"id":"MX-YUC"},{"type":"Feature","geometry":{"type":"MultiPolygon","coordinates":[[[[-97.403,21.481],[-97.426,21.432],[-97.432,21.404],[-97.453,21.373],[-97.473,21.386],[-97.469,21.424],[-97.45,21.452],[-97.403,21.481]]],[[[-97.793,22.25],[-97.789,22.181],[-97.77,22.111],[-97.764,22.062],[-97.768,22.05],[-97.749,22.023],[-97.725,21.957],[-97.724,21.924],[-97.702,21.881],[-97.707,21.842],[-97.723,21.834],[-97.698,21.784],[-97.698,21.753],[-97.681,21.662],[-97.664,21.633],[-97.647,21.627],[-97.644,21.586],[-97.625,21.548],[-97.6,21.52],[-97.594,21.494],[-97.57,21.464],[-97.535,21.467],[-97.51,21.477],[-97.489,21.449],[-97.504,21.4],[-97.484,21.335],[-97.444,21.305],[-97.442,21.263],[-97.421,21.256],[-97.422,21.236],[-97.392,21.148],[-97.367,21.1],[-97.328,21.008],[-97.309,20.975],[-97.259,20.873],[-97.228,20.83],[-97.225,20.81],[-97.204,20.775],[-97.194,20.738],[-97.2,20.726],[-97.179,20.664],[-97.147,20.613],[-97.039,20.506],[-96.98,20.458],[-96.952,20.412],[-96.853,20.309],[-96.81,20.27],[-96.772,20.224],[-96.715,20.171],[-96.577,20.007],[-96.552,19.954],[-96.482,19.876],[-96.447,19.845],[-96.439,19.807],[-96.423,19.79],[-96.42,19.767],[-96.401,19.721],[-96.397,19.645],[-96.371,19.605],[-96.38,19.588],[-96.375,19.563],[-96.348,19.522],[-96.314,19.483],[-96.322,19.414],[-96.307,19.373],[-96.311,19.358],[-96.295,19.314],[-96.227,19.264],[-96.178,19.247],[-96.171,19.22],[-96.131,19.203],[-96.124,19.181],[-96.093,19.152],[-96.106,19.127],[-96.097,19.093],[-96.067,19.067],[-96.04,19.057],[-95.971,19.055],[-95.959,18.959],[-95.942,18.927],[-95.932,18.892],[-95.898,18.856],[-95.866,18.834],[-95.785,18.8],[-95.757,18.792],[-95.757,18.765],[-95.799,18.791],[-95.811,18.788],[-95.839,18.816],[-95.861,18.801],[-95.861,18.777],[-95.831,18.765],[-95.85,18.745],[-95.856,18.715],[-95.81,18.72],[-95.812,18.745],[-95.776,18.755],[-95.751,18.743],[-95.743,18.789],[-95.722,18.768],[-95.671,18.744],[-95.628,18.73],[-95.562,18.716],[-95.451,18.71],[-95.311,18.71],[-95.287,18.714],[-95.254,18.703],[-95.182,18.707],[-95.175,18.692],[-95.133,18.671],[-95.126,18.657],[-95.062,18.618],[-95.051,18.583],[-95.039,18.573],[-94.99,18.556],[-94.95,18.55],[-94.874,18.549],[-94.817,18.539],[-94.797,18.522],[-94.783,18.495],[-94.774,18.452],[-94.744,18.423],[-94.739,18.397],[-94.723,18.379],[-94.683,18.354],[-94.655,18.308],[-94.626,18.291],[-94.626,18.256],[-94.604,18.199],[-94.58,18.18],[-94.543,18.163],[-94.498,18.151],[-94.465,18.15],[-94.407,18.16],[-94.346,18.166],[-94.22,18.192],[-94.056,18.234],[-94.128,18.208],[-94.108,18.19],[-94.121,18.16],[-94.101,18.145],[-94.106,18.117],[-94.096,18.089],[-94.096,18.037],[-94.074,17.981],[-94.071,17.944],[-94.079,17.891],[-94.075,17.865],[-94.056,17.843],[-94.032,17.828],[-93.977,17.813],[-93.956,17.795],[-93.94,17.753],[-93.919,17.736],[-93.873,17.734],[-93.856,17.712],[-93.809,17.698],[-93.755,17.675],[-93.738,17.656],[-93.694,17.539],[-93.687,17.491],[-93.702,17.453],[-93.686,17.405],[-93.687,17.368],[-93.674,17.356],[-93.632,17.349],[-93.61,17.339],[-93.628,17.322],[-93.696,17.285],[-93.758,17.228],[-93.836,17.195],[-93.856,17.18],[-93.874,17.152],[-94.151,17.167],[-94.588,17.193],[-94.776,17.204],[-95.015,17.219],[-95.023,17.224],[-95.002,17.271],[-95.028,17.293],[-95.028,17.331],[-95.049,17.355],[-95.133,17.409],[-95.205,17.482],[-95.224,17.51],[-95.299,17.607],[-95.303,17.631],[-95.29,17.651],[-95.231,17.676],[-95.224,17.702],[-95.278,17.734],[-95.295,17.737],[-95.343,17.695],[-95.402,17.676],[-95.45,17.672],[-95.49,17.66],[-95.61,17.579],[-95.668,17.567],[-95.725,17.573],[-95.775,17.548],[-95.853,17.57],[-95.87,17.59],[-95.893,17.656],[-95.94,17.74],[-95.933,17.784],[-95.947,17.812],[-95.918,17.838],[-95.878,17.937],[-95.846,17.979],[-95.837,18.027],[-95.857,18.099],[-95.866,18.149],[-95.877,18.172],[-95.898,18.189],[-95.945,18.192],[-95.979,18.207],[-96.025,18.2],[-96.082,18.22],[-96.104,18.222],[-96.145,18.198],[-96.181,18.19],[-96.211,18.215],[-96.187,18.238],[-96.212,18.244],[-96.242,18.241],[-96.283,18.313],[-96.339,18.344],[-96.373,18.326],[-96.391,18.329],[-96.427,18.354],[-96.469,18.389],[-96.495,18.423],[-96.493,18.437],[-96.507,18.502],[-96.519,18.527],[-96.496,18.576],[-96.536,18.589],[-96.582,18.633],[-96.608,18.61],[-96.609,18.577],[-96.59,18.549],[-96.602,18.512],[-96.637,18.441],[-96.649,18.429],[-96.65,18.442],[-96.692,18.488],[-96.723,18.512],[-96.788,18.537],[-96.826,18.543],[-96.881,18.513],[-96.919,18.473],[-96.937,18.466],[-96.976,18.477],[-97.004,18.507],[-97.025,18.553],[-97.051,18.596],[-97.044,18.625],[-97.058,18.634],[-97.091,18.634],[-97.196,18.667],[-97.23,18.695],[-97.244,18.737],[-97.244,18.851],[-97.208,18.906],[-97.17,18.942],[-97.165,18.985],[-97.174,19.136],[-97.188,19.196],[-97.181,19.23],[-97.118,19.231],[-96.967,19.226],[-96.96,19.253],[-96.965,19.301],[-96.984,19.324],[-97.058,19.351],[-97.1,19.372],[-97.129,19.38],[-97.172,19.381],[-97.245,19.403],[-97.303,19.44],[-97.316,19.456],[-97.295,19.488],[-97.294,19.509],[-97.311,19.549],[-97.349,19.622],[-97.34,19.648],[-97.317,19.657],[-97.278,19.757],[-97.251,19.79],[-97.238,19.826],[-97.25,19.864],[-97.242,19.894],[-97.212,19.964],[-97.176,20.056],[-97.113,20.143],[-97.09,20.169],[-97.093,20.188],[-97.188,20.223],[-97.268,20.24],[-97.308,20.253],[-97.339,20.27],[-97.375,20.282],[-97.408,20.256],[-97.436,20.209],[-97.496,20.144],[-97.521,20.13],[-97.545,20.138],[-97.579,20.205],[-97.6,20.209],[-97.661,20.197],[-97.688,20.217],[-97.706,20.307],[-97.713,20.412],[-97.709,20.458],[-97.662,20.486],[-97.612,20.453],[-97.597,20.452],[-97.571,20.495],[-97.54,20.526],[-97.538,20.545],[-97.557,20.587],[-97.646,20.633],[-97.678,20.664],[-97.684,20.696],[-97.67,20.727],[-97.702,20.75],[-97.737,20.743],[-97.743,20.754],[-97.694,20.782],[-97.702,20.813],[-97.694,20.85],[-97.715,20.852],[-97.775,20.838],[-97.822,20.852],[-97.833,20.814],[-97.868,20.779],[-97.871,20.747],[-97.91,20.719],[-97.925,20.688],[-97.938,20.623],[-97.956,20.625],[-97.996,20.659],[-98.029,20.645],[-98.082,20.584],[-98.115,20.558],[-98.141,20.551],[-98.179,20.53],[-98.254,20.446],[-98.287,20.425],[-98.353,20.403],[-98.406,20.344],[-98.426,20.336],[-98.461,20.377],[-98.508,20.474],[-98.508,20.503],[-98.498,20.553],[-98.475,20.601],[-98.467,20.654],[-98.462,20.739],[-98.436,20.759],[-98.423,20.792],[-98.328,20.873],[-98.309,20.873],[-98.255,20.821],[-98.198,20.829],[-98.187,20.853],[-98.21,20.893],[-98.208,20.912],[-98.184,20.976],[-98.162,21.011],[-98.112,21.056],[-98.127,21.094],[-98.187,21.157],[-98.189,21.178],[-98.211,21.196],[-98.264,21.217],[-98.292,21.219],[-98.309,21.194],[-98.326,21.186],[-98.379,21.188],[-98.429,21.213],[-98.502,21.277],[-98.507,21.29],[-98.49,21.346],[-98.49,21.377],[-98.502,21.405],[-98.536,21.411],[-98.541,21.463],[-98.541,21.536],[-98.578,21.536],[-98.595,21.544],[-98.62,21.601],[-98.63,21.668],[-98.622,21.7],[-98.572,21.7],[-98.574,21.726],[-98.532,21.724],[-98.52,21.755],[-98.495,21.757],[-98.483,21.776],[-98.452,21.784],[-98.46,21.801],[-98.519,21.839],[-98.542,21.866],[-98.551,21.922],[-98.573,21.941],[-98.558,21.964],[-98.491,21.961],[-98.474,21.971],[-98.464,21.997],[-98.477,22.092],[-98.434,22.118],[-98.401,22.124],[-98.353,22.114],[-98.333,22.12],[-98.341,22.155],[-98.363,22.178],[-98.381,22.253],[-98.407,22.28],[-98.439,22.295],[-98.585,22.331],[-98.679,22.329],[-98.7,22.339],[-98.712,22.373],[-98.673,22.387],[-98.641,22.411],[-98.596,22.408],[-98.474,22.42],[-98.43,22.412],[-98.379,22.375],[-98.299,22.391],[-98.308,22.417],[-98.292,22.443],[-98.247,22.442],[-98.234,22.451],[-98.19,22.453],[-98.161,22.405],[-98.115,22.391],[-98.053,22.346],[-98.017,22.348],[-97.999,22.34],[-97.951,22.301],[-97.934,22.258],[-97.873,22.198],[-97.849,22.203],[-97.793,22.25]]],[[[-97.616,21.835],[-97.563,21.767],[-97.466,21.684],[-97.45,21.665],[-97.378,21.609],[-97.346,21.589],[-97.333,21.555],[-97.329,21.516],[-97.353,21.447],[-97.377,21.395],[-97.412,21.335],[-97.422,21.292],[-97.438,21.279],[-97.439,21.334],[-97.45,21.353],[-97.416,21.412],[-97.418,21.429],[-97.4,21.444],[-97.379,21.481],[-97.385,21.531],[-97.408,21.559],[-97.455,21.593],[-97.495,21.64],[-97.506,21.668],[-97.545,21.699],[-97.561,21.729],[-97.619,21.785],[-97.639,21.825],[-97.616,21.835]]]]},"properties":{"name":"Veracruz"},"id":"MX-VER"},{"type":"Feature","geometry":{"type":"Polygon","coordinates":[[[-98.585,19.468],[-98.606,19.49],[-98.636,19.481],[-98.666,19.525],[-98.675,19.55],[-98.614,19.574],[-98.538,19.597],[-98.511,19.598],[-98.474,19.615],[-98.435,19.606],[-98.351,19.617],[-98.322,19.631],[-98.293,19.663],[-98.287,19.683],[-98.26,19.718],[-98.235,19.72],[-98.165,19.699],[-98.121,19.684],[-98.083,19.685],[-98.058,19.694],[-97.996,19.763],[-97.977,19.761],[-97.949,19.721],[-97.882,19.671],[-97.85,19.639],[-97.785,19.592],[-97.778,19.581],[-97.796,19.534],[-97.757,19.52],[-97.719,19.536],[-97.696,19.539],[-97.672,19.524],[-97.641,19.484],[-97.624,19.477],[-97.611,19.433],[-97.585,19.41],[-97.547,19.402],[-97.558,19.359],[-97.591,19.338],[-97.653,19.335],[-97.698,19.319],[-97.731,19.331],[-97.757,19.305],[-97.787,19.242],[-97.837,19.21],[-97.868,19.209],[-97.926,19.246],[-97.949,19.245],[-98,19.199],[-98.071,19.143],[-98.106,19.138],[-98.171,19.177],[-98.216,19.189],[-98.268,19.223],[-98.315,19.272],[-98.337,19.325],[-98.389,19.377],[-98.423,19.394],[-98.465,19.425],[-98.511,19.465],[-98.532,19.478],[-98.557,19.479],[-98.585,19.468]]]},"properties":{"name":"Tlaxcala"},"id":"MX-TLA"},{"type":"Feature","geometry":{"type":"MultiPolygon","coordinates":[[[[-97.716,24.277],[-97.713,24.243],[-97.726,24.113],[-97.731,24.179],[-97.727,24.236],[-97.716,24.277]]],[[[-97.446,25.24],[-97.427,25.234],[-97.444,25.206],[-97.484,25.118],[-97.541,24.981],[-97.554,25.03],[-97.544,25.063],[-97.521,25.081],[-97.515,25.118],[-97.486,25.156],[-97.462,25.216],[-97.446,25.24]]],[[[-97.793,22.25],[-97.849,22.203],[-97.873,22.198],[-97.934,22.258],[-97.951,22.301],[-97.999,22.34],[-98.017,22.348],[-98.053,22.346],[-98.115,22.391],[-98.161,22.405],[-98.19,22.453],[-98.234,22.451],[-98.247,22.442],[-98.292,22.443],[-98.308,22.417],[-98.299,22.391],[-98.379,22.375],[-98.43,22.412],[-98.474,22.42],[-98.596,22.408],[-98.641,22.411],[-98.673,22.387],[-98.712,22.373],[-98.75,22.38],[-98.835,22.363],[-98.868,22.378],[-98.888,22.399],[-98.911,22.407],[-98.939,22.378],[-99.032,22.375],[-99.112,22.389],[-99.183,22.381],[-99.217,22.41],[-99.269,22.487],[-99.294,22.543],[-99.306,22.581],[-99.339,22.624],[-99.394,22.664],[-99.462,22.685],[-99.494,22.733],[-99.519,22.745],[-99.542,22.724],[-99.557,22.724],[-99.555,22.686],[-99.582,22.67],[-99.631,22.688],[-99.669,22.697],[-99.704,22.695],[-99.8,22.707],[-99.87,22.734],[-99.968,22.757],[-100.011,22.792],[-100.019,22.817],[-100.028,22.927],[-100.026,22.994],[-100.015,23.062],[-100.034,23.104],[-100.075,23.133],[-100.081,23.209],[-100.088,23.226],[-100.117,23.248],[-100.1,23.277],[-100.122,23.326],[-100.09,23.352],[-100.064,23.356],[-100.027,23.343],[-99.995,23.347],[-99.966,23.337],[-99.958,23.403],[-99.975,23.468],[-99.973,23.508],[-99.96,23.543],[-99.901,23.608],[-99.886,23.69],[-99.875,23.712],[-99.847,23.723],[-99.817,23.746],[-99.782,23.757],[-99.681,23.732],[-99.652,23.737],[-99.582,23.773],[-99.57,23.793],[-99.569,23.828],[-99.554,23.832],[-99.464,23.816],[-99.478,23.865],[-99.495,23.902],[-99.531,23.914],[-99.549,23.93],[-99.558,23.966],[-99.589,24.021],[-99.605,24.064],[-99.63,24.095],[-99.662,24.121],[-99.676,24.14],[-99.68,24.168],[-99.669,24.238],[-99.649,24.304],[-99.639,24.355],[-99.641,24.388],[-99.676,24.472],[-99.692,24.484],[-99.765,24.481],[-99.774,24.491],[-99.757,24.55],[-99.746,24.568],[-99.694,24.592],[-99.667,24.617],[-99.6,24.636],[-99.552,24.664],[-99.529,24.703],[-99.5,24.741],[-99.487,24.747],[-99.449,24.734],[-99.43,24.738],[-99.385,24.796],[-99.339,24.813],[-99.325,24.851],[-99.31,24.856],[-99.294,24.8],[-99.25,24.817],[-99.231,24.875],[-99.194,24.9],[-99.158,24.904],[-99.143,24.965],[-99.169,24.978],[-99.191,25.027],[-99.194,25.059],[-99.183,25.074],[-99.133,25.089],[-99.105,25.114],[-99.075,25.16],[-99.055,25.159],[-99.03,25.116],[-99.01,25.11],[-98.918,25.108],[-98.899,25.138],[-98.888,25.182],[-98.849,25.224],[-98.813,25.234],[-98.717,25.245],[-98.674,25.254],[-98.634,25.296],[-98.603,25.298],[-98.549,25.351],[-98.499,25.373],[-98.475,25.423],[-98.455,25.446],[-98.425,25.458],[-98.415,25.499],[-98.431,25.509],[-98.511,25.531],[-98.55,25.561],[-98.534,25.59],[-98.561,25.647],[-98.555,25.672],[-98.553,25.722],[-98.534,25.75],[-98.558,25.805],[-98.555,25.87],[-98.546,25.926],[-98.578,25.963],[-98.583,26.016],[-98.611,26.032],[-98.713,26.018],[-98.746,26.007],[-98.788,26.012],[-98.864,25.965],[-98.895,25.957],[-98.933,25.977],[-98.98,26.061],[-99.006,26.082],[-99.074,26.083],[-99.137,26.099],[-99.152,26.123],[-99.185,26.139],[-99.149,26.151],[-99.152,26.167],[-99.18,26.199],[-99.165,26.226],[-99.172,26.247],[-99.198,26.249],[-99.227,26.223],[-99.255,26.226],[-99.302,26.284],[-99.299,26.32],[-99.356,26.316],[-99.428,26.405],[-99.448,26.464],[-99.462,26.53],[-99.478,26.554],[-99.525,26.566],[-99.553,26.562],[-99.569,26.582],[-99.587,26.63],[-99.613,26.645],[-99.649,26.631],[-99.681,26.661],[-99.681,26.69],[-99.671,26.725],[-99.671,26.776],[-99.653,26.823],[-99.673,26.851],[-99.724,26.874],[-99.771,26.866],[-99.782,26.872],[-99.787,26.912],[-99.775,26.956],[-99.755,26.998],[-99.724,27.026],[-99.689,27.048],[-99.69,27.082],[-99.707,27.11],[-99.706,27.162],[-99.752,27.202],[-99.762,27.252],[-99.75,27.321],[-99.753,27.34],[-99.804,27.37],[-99.8,27.385],[-99.757,27.421],[-99.767,27.457],[-99.848,27.452],[-99.919,27.459],[-99.943,27.475],[-99.929,27.513],[-99.939,27.541],[-99.915,27.566],[-99.87,27.571],[-99.835,27.591],[-99.804,27.595],[-99.785,27.61],[-99.753,27.656],[-99.727,27.668],[-99.719,27.658],[-99.669,27.658],[-99.665,27.633],[-99.637,27.626],[-99.629,27.64],[-99.599,27.64],[-99.571,27.603],[-99.543,27.606],[-99.515,27.562],[-99.524,27.544],[-99.53,27.501],[-99.5,27.501],[-99.483,27.482],[-99.498,27.429],[-99.49,27.407],[-99.514,27.331],[-99.536,27.308],[-99.494,27.303],[-99.499,27.269],[-99.489,27.259],[-99.459,27.266],[-99.445,27.246],[-99.448,27.223],[-99.429,27.177],[-99.441,27.151],[-99.433,27.129],[-99.443,27.105],[-99.431,27.089],[-99.452,27.065],[-99.445,27.022],[-99.415,27.016],[-99.382,26.972],[-99.393,26.958],[-99.375,26.932],[-99.332,26.921],[-99.328,26.892],[-99.315,26.867],[-99.284,26.858],[-99.263,26.812],[-99.244,26.783],[-99.246,26.755],[-99.211,26.718],[-99.211,26.692],[-99.192,26.633],[-99.175,26.625],[-99.178,26.589],[-99.164,26.57],[-99.171,26.541],[-99.123,26.521],[-99.094,26.479],[-99.113,26.433],[-99.074,26.396],[-99.042,26.411],[-99.01,26.392],[-98.975,26.399],[-98.956,26.395],[-98.954,26.373],[-98.924,26.377],[-98.902,26.369],[-98.836,26.361],[-98.803,26.367],[-98.79,26.335],[-98.768,26.325],[-98.738,26.325],[-98.72,26.29],[-98.705,26.289],[-98.677,26.253],[-98.648,26.261],[-98.582,26.256],[-98.562,26.224],[-98.542,26.241],[-98.505,26.224],[-98.443,26.222],[-98.442,26.198],[-98.406,26.178],[-98.388,26.155],[-98.35,26.151],[-98.304,26.103],[-98.272,26.094],[-98.245,26.072],[-98.213,26.069],[-98.199,26.053],[-98.177,26.072],[-98.149,26.051],[-98.13,26.062],[-98.08,26.069],[-98.065,26.043],[-98.039,26.042],[-98.035,26.06],[-97.984,26.067],[-97.971,26.053],[-97.886,26.064],[-97.838,26.048],[-97.808,26.061],[-97.799,26.035],[-97.765,26.026],[-97.712,26.034],[-97.669,26.021],[-97.626,25.995],[-97.605,25.958],[-97.587,25.963],[-97.552,25.937],[-97.523,25.888],[-97.47,25.877],[-97.455,25.856],[-97.429,25.841],[-97.395,25.838],[-97.369,25.851],[-97.363,25.867],[-97.373,25.911],[-97.345,25.932],[-97.282,25.935],[-97.279,25.953],[-97.25,25.949],[-97.214,25.963],[-97.194,25.956],[-97.159,25.965],[-97.145,25.954],[-97.144,25.888],[-97.158,25.776],[-97.174,25.701],[-97.198,25.638],[-97.251,25.542],[-97.286,25.486],[-97.357,25.366],[-97.411,25.266],[-97.423,25.237],[-97.455,25.246],[-97.435,25.264],[-97.382,25.359],[-97.41,25.38],[-97.392,25.402],[-97.422,25.416],[-97.454,25.421],[-97.447,25.441],[-97.509,25.447],[-97.533,25.475],[-97.573,25.436],[-97.543,25.427],[-97.517,25.4],[-97.517,25.377],[-97.543,25.37],[-97.557,25.342],[-97.543,25.335],[-97.531,25.29],[-97.562,25.28],[-97.574,25.33],[-97.607,25.308],[-97.622,25.329],[-97.622,25.369],[-97.691,25.362],[-97.726,25.333],[-97.706,25.303],[-97.739,25.266],[-97.761,25.264],[-97.735,25.232],[-97.699,25.228],[-97.707,25.199],[-97.671,25.175],[-97.702,25.137],[-97.699,25.089],[-97.723,25.055],[-97.72,25.028],[-97.753,24.983],[-97.737,24.966],[-97.708,24.967],[-97.692,24.94],[-97.657,24.933],[-97.685,24.908],[-97.718,24.892],[-97.727,24.855],[-97.744,24.853],[-97.746,24.828],[-97.722,24.815],[-97.716,24.786],[-97.719,24.74],[-97.738,24.678],[-97.722,24.674],[-97.709,24.644],[-97.727,24.585],[-97.743,24.489],[-97.764,24.488],[-97.775,24.508],[-97.769,24.56],[-97.808,24.55],[-97.861,24.523],[-97.845,24.503],[-97.857,24.465],[-97.82,24.385],[-97.79,24.358],[-97.785,24.418],[-97.754,24.443],[-97.752,24.356],[-97.745,24.326],[-97.751,24.27],[-97.761,24.224],[-97.762,24.171],[-97.771,24.139],[-97.772,24.091],[-97.809,24.1],[-97.811,24.081],[-97.775,24.066],[-97.776,23.954],[-97.766,23.855],[-97.773,23.806],[-97.738,23.789],[-97.754,23.763],[-97.767,23.722],[-97.768,23.686],[-97.747,23.659],[-97.743,23.732],[-97.753,23.754],[-97.735,23.768],[-97.741,23.676],[-97.768,23.406],[-97.769,23.24],[-97.762,23.076],[-97.761,23.007],[-97.769,22.874],[-97.788,22.85],[-97.79,22.817],[-97.803,22.779],[-97.818,22.774],[-97.853,22.723],[-97.864,22.684],[-97.892,22.645],[-97.898,22.6],[-97.879,22.577],[-97.859,22.573],[-97.857,22.468],[-97.873,22.469],[-97.873,22.433],[-97.851,22.36],[-97.833,22.365],[-97.811,22.3],[-97.786,22.264],[-97.793,22.25]]]]},"properties":{"name":"Tamaulipas"},"id":"MX-TAM"},{"type":"Feature","geometry":{"type":"MultiPolygon","coordinates":[[[[-92.468,18.65],[-92.464,18.621],[-92.423,18.508],[-92.397,18.473],[-92.34,18.435],[-92.3,18.433],[-92.273,18.393],[-92.234,18.407],[-92.189,18.353],[-92.191,18.321],[-92.201,18.294],[-92.179,18.266],[-92.176,18.241],[-92.141,18.182],[-92.136,18.167],[-92.095,18.116],[-92.087,18.096],[-92.037,18.071],[-91.995,18.032],[-91.948,18.008],[-91.913,17.953],[-91.886,17.949],[-91.861,17.928],[-91.801,17.934],[-91.746,17.916],[-91.713,17.891],[-91.661,17.915],[-91.594,17.92],[-91.582,17.947],[-91.587,17.997],[-91.596,18.017],[-91.584,18.067],[-91.559,18.073],[-91.472,18.071],[-91.407,18.054],[-91.342,18.04],[-91.326,18.041],[-91.305,18.017],[-91.286,18.009],[-91.26,17.982],[-91.221,17.959],[-91.198,17.956],[-91.167,17.922],[-91.14,17.938],[-91.085,17.911],[-90.981,17.878],[-90.982,17.815],[-90.981,17.799],[-90.982,17.64],[-90.988,17.419],[-90.99,17.259],[-91.412,17.253],[-91.391,17.292],[-91.36,17.303],[-91.404,17.371],[-91.457,17.385],[-91.464,17.417],[-91.534,17.443],[-91.57,17.441],[-91.62,17.45],[-91.638,17.463],[-91.637,17.485],[-91.616,17.523],[-91.608,17.565],[-91.635,17.613],[-91.659,17.692],[-91.689,17.714],[-91.718,17.713],[-91.761,17.74],[-91.755,17.776],[-91.763,17.817],[-91.782,17.848],[-91.805,17.869],[-91.854,17.858],[-91.901,17.865],[-91.925,17.848],[-91.947,17.86],[-91.942,17.883],[-92,17.896],[-92.018,17.841],[-92.028,17.826],[-92.106,17.825],[-92.162,17.845],[-92.177,17.843],[-92.198,17.815],[-92.183,17.775],[-92.181,17.748],[-92.197,17.718],[-92.287,17.694],[-92.328,17.673],[-92.351,17.641],[-92.436,17.574],[-92.503,17.524],[-92.584,17.477],[-92.68,17.391],[-92.73,17.361],[-92.757,17.358],[-92.789,17.37],[-92.815,17.404],[-92.817,17.429],[-92.831,17.442],[-92.848,17.485],[-92.887,17.511],[-92.904,17.497],[-92.969,17.508],[-92.959,17.537],[-92.957,17.579],[-92.979,17.613],[-93.018,17.636],[-93.039,17.663],[-93.054,17.698],[-93.048,17.721],[-93.027,17.744],[-92.992,17.802],[-92.977,17.847],[-92.995,17.872],[-93.047,17.862],[-93.089,17.863],[-93.12,17.877],[-93.154,17.924],[-93.176,17.942],[-93.206,17.944],[-93.261,17.974],[-93.283,17.951],[-93.314,17.954],[-93.349,17.94],[-93.356,17.922],[-93.352,17.867],[-93.367,17.828],[-93.365,17.738],[-93.379,17.669],[-93.403,17.625],[-93.451,17.594],[-93.469,17.559],[-93.506,17.523],[-93.509,17.461],[-93.592,17.354],[-93.61,17.339],[-93.632,17.349],[-93.674,17.356],[-93.687,17.368],[-93.686,17.405],[-93.702,17.453],[-93.687,17.491],[-93.694,17.539],[-93.738,17.656],[-93.755,17.675],[-93.809,17.698],[-93.856,17.712],[-93.873,17.734],[-93.919,17.736],[-93.94,17.753],[-93.956,17.795],[-93.977,17.813],[-94.032,17.828],[-94.056,17.843],[-94.075,17.865],[-94.079,17.891],[-94.071,17.944],[-94.074,17.981],[-94.096,18.037],[-94.096,18.089],[-94.106,18.117],[-94.101,18.145],[-94.121,18.16],[-94.108,18.19],[-94.128,18.208],[-94.056,18.234],[-94.001,18.254],[-93.878,18.292],[-93.883,18.265],[-93.872,18.244],[-93.825,18.247],[-93.766,18.262],[-93.743,18.278],[-93.754,18.315],[-93.726,18.33],[-93.684,18.336],[-93.675,18.319],[-93.645,18.316],[-93.593,18.326],[-93.569,18.35],[-93.573,18.395],[-93.512,18.412],[-93.442,18.425],[-93.432,18.399],[-93.403,18.419],[-93.398,18.433],[-93.307,18.438],[-93.183,18.442],[-93.148,18.426],[-93.175,18.405],[-93.172,18.371],[-93.14,18.369],[-93.079,18.376],[-93.064,18.397],[-93.137,18.425],[-93.094,18.443],[-93.054,18.432],[-92.978,18.432],[-92.889,18.444],[-92.83,18.466],[-92.769,18.506],[-92.728,18.55],[-92.7,18.598],[-92.678,18.611],[-92.654,18.61],[-92.583,18.62],[-92.468,18.65]]],[[[-93.591,18.388],[-93.641,18.364],[-93.666,18.365],[-93.685,18.351],[-93.753,18.332],[-93.769,18.311],[-93.791,18.314],[-93.844,18.305],[-93.603,18.386],[-93.591,18.388]]]]},"properties":{"name":"Tabasco"},"id":"MX-TAB"},{"type":"Feature","geometry":{"type":"MultiPolygon","coordinates":[[[[-112.283,29.233],[-112.281,29.211],[-112.264,29.179],[-112.275,29.139],[-112.237,29.096],[-112.219,29.054],[-112.195,29.019],[-112.212,28.992],[-112.216,28.944],[-112.239,28.872],[-112.277,28.805],[-112.279,28.769],[-112.308,28.747],[-112.328,28.763],[-112.359,28.759],[-112.407,28.799],[-112.461,28.802],[-112.473,28.822],[-112.581,28.875],[-112.514,28.918],[-112.491,28.948],[-112.492,28.986],[-112.507,29.013],[-112.506,29.062],[-112.495,29.072],[-112.488,29.13],[-112.478,29.167],[-112.454,29.197],[-112.4,29.189],[-112.361,29.221],[-112.332,29.219],[-112.283,29.233]]],[[[-110.602,27.366],[-110.577,27.335],[-110.57,27.311],[-110.531,27.301],[-110.543,27.287],[-110.587,27.305],[-110.603,27.32],[-110.602,27.366]]],[[[-109.175,26.319],[-109.216,26.323],[-109.193,26.342],[-109.175,26.319]]],[[[-108.772,31.333],[-108.73,31.297],[-108.729,31.286],[-108.768,31.253],[-108.747,31.187],[-108.698,31.125],[-108.681,31.09],[-108.672,31.035],[-108.692,30.991],[-108.684,30.947],[-108.691,30.928],[-108.754,30.926],[-108.755,30.905],[-108.731,30.877],[-108.701,30.865],[-108.691,30.848],[-108.646,30.813],[-108.648,30.758],[-108.642,30.73],[-108.607,30.711],[-108.601,30.698],[-108.627,30.642],[-108.623,30.614],[-108.587,30.583],[-108.579,30.564],[-108.582,30.523],[-108.552,30.465],[-108.553,30.436],[-108.532,30.405],[-108.504,30.309],[-108.503,30.271],[-108.515,30.247],[-108.549,30.228],[-108.543,30.194],[-108.485,30.148],[-108.485,30.11],[-108.505,30.078],[-108.542,29.994],[-108.544,29.9],[-108.559,29.849],[-108.546,29.814],[-108.523,29.813],[-108.5,29.798],[-108.496,29.752],[-108.486,29.715],[-108.487,29.662],[-108.466,29.563],[-108.47,29.537],[-108.464,29.498],[-108.467,29.472],[-108.499,29.439],[-108.505,29.407],[-108.499,29.299],[-108.502,29.272],[-108.495,29.209],[-108.507,29.191],[-108.551,29.178],[-108.562,29.167],[-108.569,29.13],[-108.566,29.073],[-108.616,29.042],[-108.625,29.028],[-108.624,28.994],[-108.605,28.956],[-108.607,28.939],[-108.628,28.919],[-108.64,28.894],[-108.62,28.811],[-108.625,28.785],[-108.668,28.709],[-108.675,28.672],[-108.67,28.642],[-108.642,28.603],[-108.639,28.577],[-108.661,28.52],[-108.659,28.501],[-108.64,28.472],[-108.597,28.437],[-108.507,28.407],[-108.531,28.365],[-108.568,28.361],[-108.607,28.318],[-108.653,28.314],[-108.709,28.277],[-108.729,28.276],[-108.799,28.322],[-108.83,28.327],[-108.888,28.297],[-108.989,28.28],[-109.031,28.23],[-109.023,28.209],[-108.961,28.171],[-108.96,28.147],[-108.979,28.122],[-108.984,28.073],[-108.953,28.038],[-108.896,28.023],[-108.858,27.961],[-108.812,27.917],[-108.797,27.858],[-108.821,27.797],[-108.826,27.771],[-108.805,27.748],[-108.761,27.733],[-108.692,27.687],[-108.679,27.66],[-108.667,27.613],[-108.628,27.562],[-108.563,27.417],[-108.558,27.4],[-108.562,27.356],[-108.587,27.281],[-108.612,27.244],[-108.611,27.198],[-108.592,27.142],[-108.593,27.121],[-108.622,27.106],[-108.623,27.089],[-108.596,27.071],[-108.529,27.046],[-108.481,27.024],[-108.436,27.032],[-108.4,27.046],[-108.33,27.032],[-108.329,27.001],[-108.342,26.968],[-108.382,26.914],[-108.425,26.877],[-108.467,26.829],[-108.469,26.796],[-108.455,26.76],[-108.455,26.739],[-108.53,26.72],[-108.595,26.596],[-108.612,26.581],[-108.651,26.578],[-108.68,26.564],[-108.775,26.546],[-108.794,26.514],[-108.788,26.468],[-108.798,26.425],[-108.878,26.404],[-108.929,26.362],[-109.024,26.32],[-109.046,26.301],[-109.06,26.313],[-109.058,26.342],[-109.077,26.34],[-109.082,26.367],[-109.115,26.382],[-109.149,26.373],[-109.147,26.419],[-109.17,26.433],[-109.165,26.377],[-109.191,26.357],[-109.241,26.419],[-109.237,26.455],[-109.264,26.492],[-109.291,26.543],[-109.327,26.58],[-109.359,26.6],[-109.382,26.635],[-109.432,26.67],[-109.446,26.717],[-109.469,26.715],[-109.483,26.742],[-109.508,26.735],[-109.527,26.759],[-109.556,26.721],[-109.537,26.704],[-109.562,26.689],[-109.646,26.696],[-109.683,26.675],[-109.767,26.709],[-109.814,26.746],[-109.852,26.791],[-109.851,26.826],[-109.868,26.848],[-109.873,26.878],[-109.9,26.95],[-109.893,26.98],[-109.918,26.995],[-109.908,27.009],[-109.92,27.067],[-109.989,27.117],[-110.018,27.118],[-110.061,27.084],[-110.102,27.108],[-110.247,27.139],[-110.301,27.152],[-110.328,27.168],[-110.423,27.261],[-110.479,27.286],[-110.466,27.294],[-110.483,27.327],[-110.479,27.373],[-110.504,27.387],[-110.525,27.374],[-110.553,27.393],[-110.59,27.466],[-110.589,27.54],[-110.605,27.582],[-110.596,27.596],[-110.628,27.624],[-110.624,27.652],[-110.605,27.654],[-110.569,27.686],[-110.599,27.691],[-110.602,27.717],[-110.574,27.73],[-110.613,27.774],[-110.594,27.787],[-110.6,27.813],[-110.583,27.841],[-110.549,27.835],[-110.537,27.853],[-110.577,27.881],[-110.61,27.888],[-110.631,27.882],[-110.68,27.89],[-110.738,27.91],[-110.811,27.922],[-110.825,27.952],[-110.853,27.947],[-110.864,27.925],[-110.891,27.911],[-110.868,27.889],[-110.876,27.852],[-110.924,27.867],[-110.963,27.903],[-110.971,27.953],[-111.025,27.963],[-111.078,27.936],[-111.099,27.96],[-111.137,27.984],[-111.176,27.996],[-111.211,28.041],[-111.25,28.052],[-111.278,28.082],[-111.285,28.113],[-111.328,28.157],[-111.331,28.188],[-111.409,28.273],[-111.455,28.313],[-111.459,28.361],[-111.494,28.388],[-111.574,28.412],[-111.645,28.444],[-111.711,28.459],[-111.718,28.499],[-111.738,28.523],[-111.764,28.591],[-111.797,28.626],[-111.853,28.661],[-111.924,28.72],[-111.944,28.764],[-111.921,28.767],[-111.901,28.787],[-111.879,28.746],[-111.854,28.76],[-111.855,28.79],[-111.88,28.808],[-111.901,28.794],[-111.983,28.849],[-112.031,28.859],[-112.048,28.898],[-112.087,28.925],[-112.097,28.951],[-112.124,28.963],[-112.16,28.962],[-112.174,28.971],[-112.151,28.996],[-112.168,29.025],[-112.17,29.072],[-112.184,29.079],[-112.166,29.113],[-112.202,29.179],[-112.23,29.181],[-112.209,29.244],[-112.233,29.308],[-112.259,29.328],[-112.311,29.328],[-112.344,29.314],[-112.401,29.336],[-112.419,29.383],[-112.382,29.453],[-112.379,29.481],[-112.391,29.501],[-112.43,29.52],[-112.437,29.561],[-112.477,29.59],[-112.523,29.651],[-112.543,29.689],[-112.581,29.711],[-112.586,29.738],[-112.607,29.779],[-112.652,29.835],[-112.65,29.856],[-112.665,29.891],[-112.683,29.904],[-112.748,29.916],[-112.734,30.001],[-112.758,30.052],[-112.753,30.173],[-112.773,30.222],[-112.801,30.252],[-112.838,30.271],[-112.851,30.287],[-112.848,30.362],[-112.855,30.393],[-112.898,30.459],[-112.967,30.523],[-112.99,30.533],[-113.019,30.581],[-113.043,30.611],[-113.082,30.672],[-113.104,30.755],[-113.128,30.813],[-113.113,30.838],[-113.099,30.892],[-113.093,30.958],[-113.084,30.993],[-113.058,31.028],[-113.054,31.067],[-113.075,31.137],[-113.094,31.184],[-113.113,31.183],[-113.206,31.23],[-113.217,31.26],[-113.254,31.261],[-113.265,31.243],[-113.361,31.267],[-113.545,31.296],[-113.571,31.322],[-113.623,31.327],[-113.614,31.377],[-113.636,31.432],[-113.634,31.46],[-113.656,31.492],[-113.703,31.525],[-113.799,31.56],[-113.849,31.586],[-113.876,31.588],[-113.882,31.608],[-113.92,31.602],[-113.951,31.621],[-113.975,31.597],[-113.96,31.56],[-113.988,31.528],[-114.017,31.531],[-114.022,31.497],[-114.033,31.49],[-114.147,31.494],[-114.197,31.508],[-114.227,31.527],[-114.272,31.542],[-114.325,31.583],[-114.33,31.596],[-114.424,31.643],[-114.446,31.65],[-114.464,31.67],[-114.494,31.676],[-114.526,31.698],[-114.553,31.734],[-114.59,31.755],[-114.632,31.763],[-114.676,31.76],[-114.727,31.78],[-114.746,31.808],[-114.766,31.82],[-114.799,31.82],[-114.846,31.855],[-114.897,31.886],[-114.933,31.897],[-114.978,31.924],[-114.988,31.919],[-115.026,31.951],[-115.002,31.984],[-115.012,32.018],[-114.995,32.077],[-114.995,32.108],[-115.007,32.146],[-114.982,32.209],[-115.002,32.243],[-115.038,32.277],[-115.034,32.294],[-114.981,32.336],[-114.966,32.36],[-114.964,32.405],[-114.945,32.422],[-114.945,32.441],[-114.915,32.493],[-114.867,32.492],[-114.848,32.478],[-114.814,32.495],[-114.346,32.353],[-113.959,32.234],[-112.942,31.919],[-112.605,31.816],[-112.224,31.696],[-111.618,31.505],[-111.073,31.329],[-110.792,31.332],[-110.46,31.332],[-109.758,31.332],[-109.05,31.332],[-108.772,31.333]]],[[[-114.637,31.757],[-114.604,31.753],[-114.606,31.731],[-114.664,31.745],[-114.637,31.757]]],[[[-114.786,31.819],[-114.746,31.803],[-114.739,31.779],[-114.718,31.753],[-114.665,31.721],[-114.644,31.684],[-114.655,31.661],[-114.687,31.683],[-114.715,31.68],[-114.756,31.698],[-114.792,31.729],[-114.807,31.763],[-114.801,31.812],[-114.786,31.819]]]]},"properties":{"name":"Sonora"},"id":"MX-SON"},{"type":"Feature","geometry":{"type":"MultiPolygon","coordinates":[[[[-108.354,25.209],[-108.301,25.166],[-108.283,25.164],[-108.275,25.143],[-108.341,25.172],[-108.354,25.209]]],[[[-108.139,25.051],[-108.117,25.019],[-108.093,25.001],[-108.062,24.997],[-108.062,24.964],[-108.038,24.923],[-108.045,24.894],[-108.042,24.845],[-108.049,24.825],[-108.068,24.825],[-108.096,24.902],[-108.114,24.91],[-108.138,24.944],[-108.146,24.973],[-108.132,25.0],[-108.145,25.041],[-108.139,25.051]]],[[[-108.332,25.125],[-108.32,25.11],[-108.275,25.092],[-108.237,25.048],[-108.18,24.973],[-108.132,24.925],[-108.103,24.884],[-108.101,24.834],[-108.125,24.855],[-108.224,25.015],[-108.256,25.051],[-108.337,25.11],[-108.332,25.125]]],[[[-109.216,26.323],[-109.175,26.319],[-109.157,26.305],[-109.162,26.269],[-109.177,26.259],[-109.161,26.238],[-109.133,26.235],[-109.089,26.27],[-109.127,26.286],[-109.164,26.351],[-109.165,26.377],[-109.17,26.433],[-109.147,26.419],[-109.149,26.373],[-109.115,26.382],[-109.082,26.367],[-109.077,26.34],[-109.058,26.342],[-109.06,26.313],[-109.046,26.301],[-109.024,26.32],[-108.929,26.362],[-108.878,26.404],[-108.798,26.425],[-108.788,26.468],[-108.794,26.514],[-108.775,26.546],[-108.68,26.564],[-108.651,26.578],[-108.612,26.581],[-108.595,26.596],[-108.53,26.72],[-108.455,26.739],[-108.455,26.76],[-108.469,26.796],[-108.467,26.829],[-108.425,26.877],[-108.382,26.914],[-108.342,26.968],[-108.329,27.001],[-108.33,27.032],[-108.252,27.034],[-108.198,27.041],[-108.135,27.04],[-108.108,27.026],[-108.1,27.007],[-108.111,26.962],[-108.103,26.922],[-108.078,26.913],[-108.029,26.923],[-108.012,26.877],[-107.987,26.839],[-108.003,26.758],[-107.983,26.728],[-107.984,26.693],[-108.003,26.656],[-107.99,26.617],[-107.947,26.599],[-107.926,26.555],[-107.931,26.517],[-107.845,26.402],[-107.807,26.336],[-107.791,26.3],[-107.776,26.221],[-107.758,26.168],[-107.746,26.157],[-107.606,26.127],[-107.566,26.121],[-107.478,26.116],[-107.401,26.102],[-107.384,26.091],[-107.316,25.978],[-107.269,25.914],[-107.261,25.889],[-107.254,25.831],[-107.245,25.797],[-107.159,25.697],[-107.157,25.672],[-107.128,25.678],[-107.122,25.652],[-107.169,25.623],[-107.224,25.573],[-107.239,25.543],[-107.193,25.495],[-107.216,25.456],[-107.246,25.379],[-107.24,25.301],[-107.249,25.193],[-107.269,25.122],[-107.229,25.099],[-107.21,25.033],[-107.185,25.016],[-107.132,24.923],[-107.145,24.87],[-107.11,24.84],[-107.076,24.852],[-107.052,24.843],[-106.984,24.843],[-106.949,24.748],[-106.896,24.737],[-106.853,24.615],[-106.848,24.574],[-106.825,24.567],[-106.794,24.573],[-106.792,24.536],[-106.77,24.491],[-106.762,24.422],[-106.723,24.37],[-106.71,24.317],[-106.699,24.299],[-106.666,24.305],[-106.638,24.287],[-106.61,24.308],[-106.557,24.314],[-106.544,24.333],[-106.495,24.357],[-106.474,24.381],[-106.445,24.392],[-106.419,24.43],[-106.32,24.406],[-106.257,24.387],[-106.199,24.352],[-106.164,24.302],[-106.133,24.302],[-106.121,24.292],[-106.115,24.253],[-106.09,24.214],[-106.057,24.189],[-106.045,24.17],[-106.042,24.089],[-106.001,24.055],[-106.011,24.022],[-105.98,23.927],[-105.951,23.888],[-105.943,23.821],[-105.926,23.78],[-105.883,23.735],[-105.847,23.662],[-105.791,23.618],[-105.778,23.601],[-105.772,23.551],[-105.761,23.498],[-105.741,23.46],[-105.719,23.39],[-105.729,23.356],[-105.717,23.32],[-105.7,23.292],[-105.665,23.267],[-105.644,23.213],[-105.646,23.159],[-105.622,23.111],[-105.57,23.103],[-105.54,23.106],[-105.506,23.128],[-105.482,23.126],[-105.397,23.045],[-105.431,23.023],[-105.447,22.966],[-105.443,22.921],[-105.453,22.896],[-105.49,22.862],[-105.521,22.819],[-105.534,22.781],[-105.516,22.733],[-105.473,22.697],[-105.457,22.66],[-105.455,22.635],[-105.439,22.622],[-105.439,22.591],[-105.43,22.546],[-105.454,22.51],[-105.505,22.528],[-105.583,22.534],[-105.667,22.58],[-105.658,22.618],[-105.677,22.648],[-105.7,22.654],[-105.712,22.679],[-105.708,22.7],[-105.678,22.713],[-105.706,22.734],[-105.727,22.708],[-105.716,22.697],[-105.718,22.67],[-105.707,22.638],[-105.685,22.619],[-105.688,22.586],[-105.707,22.556],[-105.686,22.494],[-105.701,22.473],[-105.721,22.492],[-105.75,22.552],[-105.761,22.551],[-105.792,22.612],[-105.85,22.689],[-105.904,22.741],[-105.969,22.795],[-106.04,22.836],[-106.113,22.925],[-106.209,23.027],[-106.331,23.133],[-106.394,23.183],[-106.374,23.193],[-106.386,23.216],[-106.43,23.199],[-106.427,23.225],[-106.454,23.243],[-106.474,23.287],[-106.491,23.304],[-106.479,23.319],[-106.528,23.392],[-106.562,23.426],[-106.63,23.484],[-106.627,23.497],[-106.683,23.54],[-106.688,23.563],[-106.708,23.581],[-106.764,23.613],[-106.789,23.64],[-106.811,23.652],[-106.794,23.671],[-106.818,23.715],[-106.847,23.741],[-106.843,23.753],[-106.882,23.796],[-106.891,23.841],[-106.992,23.936],[-107.082,24.011],[-107.192,24.096],[-107.16,24.113],[-107.156,24.143],[-107.178,24.147],[-107.185,24.129],[-107.207,24.121],[-107.247,24.159],[-107.329,24.209],[-107.36,24.233],[-107.378,24.23],[-107.416,24.245],[-107.477,24.293],[-107.617,24.39],[-107.708,24.446],[-107.803,24.494],[-107.794,24.515],[-107.769,24.49],[-107.745,24.483],[-107.704,24.46],[-107.66,24.428],[-107.643,24.427],[-107.626,24.4],[-107.585,24.395],[-107.565,24.366],[-107.54,24.369],[-107.51,24.328],[-107.51,24.38],[-107.481,24.388],[-107.491,24.446],[-107.519,24.49],[-107.566,24.526],[-107.601,24.519],[-107.607,24.504],[-107.597,24.468],[-107.629,24.469],[-107.642,24.459],[-107.675,24.491],[-107.685,24.512],[-107.71,24.492],[-107.751,24.499],[-107.758,24.533],[-107.786,24.564],[-107.823,24.587],[-107.908,24.619],[-107.918,24.636],[-107.941,24.622],[-107.984,24.64],[-108.015,24.679],[-108.012,24.721],[-108.036,24.754],[-108.068,24.779],[-108.043,24.789],[-108.03,24.767],[-107.995,24.747],[-107.968,24.79],[-107.992,24.806],[-108.007,24.864],[-107.988,24.883],[-108.016,24.893],[-108.018,24.912],[-107.997,24.935],[-107.994,24.964],[-108.01,24.983],[-108.035,24.988],[-108.046,25.057],[-108.066,25.082],[-108.081,25.084],[-108.101,25.108],[-108.129,25.101],[-108.164,25.107],[-108.222,25.16],[-108.24,25.169],[-108.252,25.198],[-108.293,25.205],[-108.318,25.198],[-108.313,25.239],[-108.363,25.261],[-108.385,25.23],[-108.374,25.207],[-108.388,25.185],[-108.437,25.244],[-108.462,25.264],[-108.544,25.304],[-108.626,25.336],[-108.678,25.362],[-108.657,25.385],[-108.672,25.403],[-108.691,25.404],[-108.725,25.39],[-108.748,25.408],[-108.771,25.441],[-108.785,25.474],[-108.765,25.495],[-108.758,25.523],[-108.796,25.543],[-108.823,25.53],[-108.839,25.565],[-108.906,25.56],[-108.897,25.538],[-108.906,25.512],[-108.887,25.503],[-108.934,25.455],[-108.975,25.509],[-109.029,25.493],[-109.011,25.472],[-109.044,25.464],[-109.084,25.499],[-109.085,25.511],[-109.117,25.541],[-109.07,25.547],[-109.033,25.585],[-109.014,25.561],[-108.978,25.576],[-108.969,25.612],[-108.942,25.607],[-108.924,25.625],[-108.937,25.672],[-108.981,25.673],[-109.022,25.65],[-109.04,25.598],[-109.056,25.584],[-109.086,25.597],[-109.119,25.601],[-109.126,25.582],[-109.151,25.586],[-109.166,25.627],[-109.204,25.669],[-109.234,25.684],[-109.253,25.668],[-109.229,25.642],[-109.25,25.635],[-109.296,25.645],[-109.332,25.646],[-109.327,25.666],[-109.29,25.656],[-109.287,25.727],[-109.307,25.729],[-109.328,25.753],[-109.346,25.754],[-109.371,25.777],[-109.401,25.761],[-109.429,25.792],[-109.428,25.826],[-109.412,25.891],[-109.426,25.93],[-109.444,25.936],[-109.437,25.998],[-109.403,26.066],[-109.353,26.132],[-109.317,26.189],[-109.296,26.236],[-109.289,26.276],[-109.248,26.316],[-109.246,26.276],[-109.28,26.266],[-109.304,26.169],[-109.274,26.155],[-109.22,26.264],[-109.216,26.323]]]]},"properties":{"name":"Sinaloa"},"id":"MX-SIN"},{"type":"Feature","geometry":{"type":"Polygon","coordinates":[[[-100.117,23.248],[-100.088,23.226],[-100.081,23.209],[-100.075,23.133],[-100.034,23.104],[-100.015,23.062],[-100.026,22.994],[-100.028,22.927],[-100.019,22.817],[-100.011,22.792],[-99.968,22.757],[-99.87,22.734],[-99.8,22.707],[-99.704,22.695],[-99.669,22.697],[-99.631,22.688],[-99.582,22.67],[-99.555,22.686],[-99.557,22.724],[-99.542,22.724],[-99.519,22.745],[-99.494,22.733],[-99.462,22.685],[-99.394,22.664],[-99.339,22.624],[-99.306,22.581],[-99.294,22.543],[-99.269,22.487],[-99.217,22.41],[-99.183,22.381],[-99.112,22.389],[-99.032,22.375],[-98.939,22.378],[-98.911,22.407],[-98.888,22.399],[-98.868,22.378],[-98.835,22.363],[-98.75,22.38],[-98.712,22.373],[-98.7,22.339],[-98.679,22.329],[-98.585,22.331],[-98.439,22.295],[-98.407,22.28],[-98.381,22.253],[-98.363,22.178],[-98.341,22.155],[-98.333,22.12],[-98.353,22.114],[-98.401,22.124],[-98.434,22.118],[-98.477,22.092],[-98.464,21.997],[-98.474,21.971],[-98.491,21.961],[-98.558,21.964],[-98.573,21.941],[-98.551,21.922],[-98.542,21.866],[-98.519,21.839],[-98.46,21.801],[-98.452,21.784],[-98.483,21.776],[-98.495,21.757],[-98.52,21.755],[-98.532,21.724],[-98.574,21.726],[-98.572,21.7],[-98.622,21.7],[-98.63,21.668],[-98.62,21.601],[-98.595,21.544],[-98.578,21.536],[-98.541,21.536],[-98.541,21.463],[-98.536,21.411],[-98.603,21.412],[-98.648,21.368],[-98.666,21.343],[-98.703,21.273],[-98.719,21.232],[-98.764,21.256],[-98.81,21.192],[-98.853,21.191],[-98.907,21.232],[-98.917,21.27],[-98.952,21.322],[-98.982,21.317],[-99.042,21.294],[-99.078,21.303],[-99.111,21.358],[-99.15,21.399],[-99.174,21.416],[-99.239,21.483],[-99.269,21.527],[-99.27,21.557],[-99.298,21.555],[-99.33,21.564],[-99.352,21.55],[-99.395,21.447],[-99.418,21.46],[-99.462,21.455],[-99.495,21.441],[-99.563,21.444],[-99.594,21.451],[-99.62,21.475],[-99.643,21.546],[-99.659,21.564],[-99.704,21.584],[-99.748,21.585],[-99.755,21.567],[-99.744,21.55],[-99.784,21.548],[-99.805,21.536],[-99.782,21.515],[-99.819,21.491],[-99.887,21.465],[-99.952,21.467],[-99.979,21.498],[-99.994,21.478],[-100.067,21.471],[-100.113,21.521],[-100.135,21.551],[-100.154,21.548],[-100.165,21.573],[-100.181,21.577],[-100.22,21.606],[-100.29,21.648],[-100.303,21.647],[-100.356,21.672],[-100.413,21.684],[-100.446,21.696],[-100.471,21.688],[-100.489,21.669],[-100.491,21.646],[-100.513,21.6],[-100.508,21.558],[-100.569,21.536],[-100.678,21.535],[-100.735,21.557],[-100.788,21.588],[-100.86,21.637],[-100.95,21.711],[-100.986,21.727],[-101.029,21.726],[-101.078,21.753],[-101.153,21.763],[-101.215,21.783],[-101.263,21.793],[-101.313,21.82],[-101.363,21.831],[-101.43,21.832],[-101.476,21.857],[-101.46,21.894],[-101.431,21.941],[-101.399,22.005],[-101.375,22.067],[-101.36,22.128],[-101.37,22.175],[-101.412,22.248],[-101.415,22.271],[-101.402,22.306],[-101.345,22.406],[-101.283,22.542],[-101.274,22.577],[-101.276,22.604],[-101.355,22.699],[-101.383,22.698],[-101.442,22.671],[-101.559,22.564],[-101.6,22.512],[-101.619,22.5],[-101.716,22.473],[-101.776,22.468],[-101.799,22.475],[-101.829,22.504],[-101.858,22.55],[-101.895,22.625],[-101.938,22.646],[-102.03,22.658],[-102.075,22.708],[-102.114,22.732],[-102.169,22.757],[-102.241,22.801],[-102.279,22.838],[-102.289,22.894],[-102.281,22.941],[-102.263,23.001],[-102.237,23.051],[-102.231,23.088],[-102.272,23.2],[-102.249,23.244],[-102.252,23.262],[-102.276,23.292],[-102.241,23.354],[-102.215,23.361],[-102.2,23.349],[-102.123,23.327],[-102.041,23.337],[-102.005,23.348],[-101.984,23.401],[-101.95,23.439],[-101.935,23.448],[-101.859,23.47],[-101.744,23.524],[-101.717,23.549],[-101.68,23.595],[-101.626,23.684],[-101.578,23.738],[-101.561,23.748],[-101.444,23.779],[-101.389,23.797],[-101.345,23.853],[-101.334,23.885],[-101.312,23.921],[-101.297,23.962],[-101.338,24.005],[-101.321,24.037],[-101.322,24.1],[-101.305,24.132],[-101.279,24.154],[-101.204,24.172],[-101.15,24.204],[-101.14,24.236],[-101.113,24.269],[-101.105,24.324],[-101.078,24.343],[-101.015,24.34],[-100.976,24.359],[-100.948,24.422],[-100.901,24.458],[-100.886,24.523],[-100.854,24.54],[-100.807,24.468],[-100.785,24.454],[-100.743,24.462],[-100.688,24.443],[-100.685,24.432],[-100.707,24.386],[-100.681,24.364],[-100.729,24.307],[-100.718,24.277],[-100.657,24.23],[-100.646,24.214],[-100.652,24.162],[-100.611,24.123],[-100.552,24.047],[-100.517,23.965],[-100.515,23.915],[-100.519,23.846],[-100.525,23.804],[-100.487,23.751],[-100.483,23.718],[-100.488,23.671],[-100.499,23.624],[-100.523,23.57],[-100.528,23.512],[-100.508,23.465],[-100.511,23.421],[-100.499,23.384],[-100.498,23.314],[-100.476,23.253],[-100.462,23.232],[-100.426,23.199],[-100.366,23.172],[-100.347,23.181],[-100.325,23.219],[-100.273,23.276],[-100.227,23.266],[-100.117,23.248]]]},"properties":{"name":"San Luis Potosí"},"id":"MX-SLP"},{"type":"Feature","geometry":{"type":"MultiPolygon","coordinates":[[[[-86.728,20.593],[-86.724,20.582],[-86.757,20.526],[-86.77,20.496],[-86.816,20.44],[-86.83,20.438],[-86.932,20.312],[-86.989,20.271],[-86.995,20.275],[-87.022,20.34],[-87.025,20.358],[-87.017,20.412],[-86.926,20.553],[-86.898,20.566],[-86.837,20.54],[-86.812,20.553],[-86.775,20.555],[-86.766,20.57],[-86.728,20.593]]],[[[-87.119,21.59],[-87.127,21.57],[-87.158,21.549],[-87.174,21.549],[-87.207,21.525],[-87.24,21.519],[-87.265,21.526],[-87.287,21.512],[-87.306,21.546],[-87.274,21.539],[-87.218,21.543],[-87.149,21.57],[-87.119,21.59]]],[[[-89.146,17.942],[-89.156,18.036],[-89.126,18.063],[-89.058,18.144],[-89.036,18.193],[-89.032,18.227],[-89.047,18.372],[-89.066,18.424],[-89.049,18.459],[-89.043,18.488],[-89.076,18.506],[-89.056,18.558],[-89.061,18.585],[-89.101,18.632],[-89.108,18.681],[-89.106,18.714],[-89.076,18.876],[-89.085,18.971],[-89.068,18.997],[-89.025,19.014],[-89.019,19.082],[-89.024,19.101],[-89.021,19.165],[-89.012,19.232],[-89.029,19.277],[-89.098,19.366],[-89.15,19.422],[-89.219,19.483],[-89.304,19.535],[-89.362,19.582],[-89.396,19.62],[-89.415,19.651],[-89.378,19.727],[-89.365,19.782],[-89.372,19.815],[-89.35,19.833],[-89.326,19.827],[-89.248,19.84],[-89.208,19.84],[-89.175,19.86],[-89.153,19.892],[-89.087,19.912],[-89.056,19.932],[-88.958,19.933],[-88.911,19.949],[-88.896,19.968],[-88.873,19.978],[-88.852,20.006],[-88.815,20.009],[-88.805,19.986],[-88.779,19.993],[-88.79,20.019],[-88.715,20.08],[-88.69,20.086],[-88.644,20.119],[-88.546,20.143],[-88.524,20.161],[-88.479,20.18],[-88.449,20.183],[-88.405,20.212],[-88.402,20.232],[-88.374,20.301],[-88.354,20.317],[-88.314,20.316],[-88.293,20.296],[-88.276,20.253],[-88.262,20.255],[-88.26,20.311],[-88.272,20.338],[-88.257,20.373],[-88.212,20.441],[-88.165,20.463],[-88.148,20.456],[-88.12,20.425],[-88.058,20.441],[-87.998,20.438],[-87.916,20.479],[-87.874,20.507],[-87.848,20.533],[-87.776,20.58],[-87.749,20.608],[-87.69,20.631],[-87.646,20.683],[-87.635,20.742],[-87.601,20.783],[-87.6,20.829],[-87.582,20.875],[-87.536,20.952],[-87.532,20.988],[-87.559,21.062],[-87.585,21.109],[-87.583,21.149],[-87.57,21.182],[-87.566,21.227],[-87.531,21.259],[-87.526,21.288],[-87.531,21.461],[-87.539,21.486],[-87.486,21.483],[-87.487,21.468],[-87.464,21.457],[-87.438,21.469],[-87.354,21.447],[-87.341,21.432],[-87.315,21.441],[-87.25,21.434],[-87.189,21.44],[-87.159,21.464],[-87.135,21.46],[-87.112,21.471],[-87.103,21.545],[-87.129,21.555],[-87.103,21.584],[-87.085,21.59],[-87.067,21.571],[-87.01,21.556],[-86.987,21.526],[-86.974,21.531],[-86.952,21.514],[-86.95,21.485],[-86.905,21.423],[-86.887,21.403],[-86.875,21.345],[-86.863,21.325],[-86.861,21.284],[-86.848,21.252],[-86.831,21.256],[-86.822,21.316],[-86.793,21.341],[-86.796,21.375],[-86.823,21.405],[-86.796,21.407],[-86.791,21.342],[-86.814,21.301],[-86.817,21.282],[-86.801,21.238],[-86.807,21.187],[-86.799,21.157],[-86.752,21.125],[-86.782,21.05],[-86.779,21.032],[-86.809,21.03],[-86.822,21.003],[-86.846,20.904],[-86.863,20.887],[-86.873,20.851],[-86.904,20.812],[-86.92,20.808],[-86.964,20.748],[-86.963,20.73],[-87.009,20.704],[-87.022,20.674],[-87.052,20.648],[-87.099,20.593],[-87.176,20.531],[-87.254,20.478],[-87.278,20.451],[-87.31,20.395],[-87.323,20.387],[-87.363,20.294],[-87.422,20.228],[-87.458,20.15],[-87.478,20.078],[-87.479,20.007],[-87.453,19.934],[-87.464,19.894],[-87.455,19.875],[-87.472,19.858],[-87.497,19.807],[-87.528,19.797],[-87.541,19.811],[-87.578,19.79],[-87.618,19.72],[-87.643,19.687],[-87.694,19.681],[-87.724,19.669],[-87.739,19.642],[-87.748,19.599],[-87.728,19.577],[-87.708,19.573],[-87.702,19.551],[-87.674,19.564],[-87.678,19.535],[-87.65,19.505],[-87.633,19.538],[-87.615,19.553],[-87.551,19.566],[-87.527,19.541],[-87.505,19.586],[-87.436,19.595],[-87.415,19.564],[-87.431,19.517],[-87.429,19.497],[-87.444,19.469],[-87.491,19.438],[-87.523,19.397],[-87.542,19.398],[-87.539,19.428],[-87.559,19.423],[-87.637,19.372],[-87.661,19.308],[-87.661,19.26],[-87.676,19.199],[-87.636,19.208],[-87.62,19.201],[-87.607,19.23],[-87.587,19.248],[-87.567,19.284],[-87.539,19.307],[-87.507,19.322],[-87.488,19.305],[-87.45,19.308],[-87.49,19.261],[-87.527,19.23],[-87.538,19.208],[-87.541,19.154],[-87.548,19.147],[-87.549,19.086],[-87.605,18.988],[-87.631,18.928],[-87.644,18.856],[-87.662,18.828],[-87.668,18.77],[-87.676,18.748],[-87.712,18.711],[-87.726,18.664],[-87.744,18.53],[-87.762,18.495],[-87.764,18.418],[-87.789,18.384],[-87.804,18.349],[-87.821,18.328],[-87.832,18.296],[-87.844,18.201],[-87.873,18.222],[-87.898,18.22],[-87.897,18.246],[-87.875,18.26],[-87.88,18.297],[-87.896,18.293],[-87.88,18.35],[-87.901,18.361],[-87.907,18.385],[-87.939,18.394],[-87.931,18.433],[-88.013,18.461],[-88.036,18.463],[-88.067,18.486],[-88.078,18.51],[-88.048,18.527],[-88.033,18.57],[-88.035,18.605],[-88.018,18.617],[-88.005,18.664],[-88.016,18.69],[-88.001,18.738],[-88.018,18.792],[-88.047,18.816],[-88.037,18.851],[-88.069,18.862],[-88.079,18.835],[-88.106,18.819],[-88.129,18.766],[-88.159,18.726],[-88.173,18.688],[-88.195,18.674],[-88.205,18.639],[-88.226,18.611],[-88.231,18.586],[-88.258,18.547],[-88.267,18.522],[-88.292,18.492],[-88.316,18.495],[-88.355,18.486],[-88.391,18.497],[-88.433,18.482],[-88.481,18.492],[-88.518,18.461],[-88.531,18.419],[-88.55,18.377],[-88.553,18.346],[-88.596,18.303],[-88.614,18.226],[-88.632,18.212],[-88.657,18.173],[-88.669,18.138],[-88.69,18.103],[-88.703,18.063],[-88.744,18.046],[-88.759,18.033],[-88.783,17.979],[-88.814,17.948],[-88.847,17.928],[-88.843,17.867],[-88.88,17.907],[-88.916,17.922],[-88.942,17.958],[-88.984,17.956],[-89.022,18.001],[-89.039,18.004],[-89.094,17.986],[-89.106,17.968],[-89.128,17.965],[-89.146,17.942]]]]},"properties":{"name":"Quintana Roo"},"id":"MX-ROO"},{"type":"Feature","geometry":{"type":"Polygon","coordinates":[[[-99.042,21.294],[-99.045,21.272],[-99.07,21.232],[-99.078,21.198],[-99.094,21.176],[-99.117,21.166],[-99.159,21.165],[-99.212,21.139],[-99.258,21.128],[-99.306,21.154],[-99.325,21.129],[-99.372,21.101],[-99.377,21.087],[-99.361,21.059],[-99.382,21.032],[-99.395,21.001],[-99.396,20.965],[-99.413,20.918],[-99.446,20.873],[-99.479,20.869],[-99.492,20.857],[-99.519,20.793],[-99.538,20.761],[-99.539,20.741],[-99.513,20.705],[-99.513,20.685],[-99.546,20.657],[-99.574,20.647],[-99.606,20.625],[-99.662,20.611],[-99.691,20.598],[-99.723,20.598],[-99.759,20.572],[-99.822,20.553],[-99.845,20.447],[-99.853,20.389],[-99.853,20.329],[-99.862,20.307],[-99.906,20.277],[-99.918,20.253],[-99.91,20.226],[-99.936,20.222],[-99.971,20.244],[-99.981,20.233],[-99.959,20.197],[-99.945,20.144],[-99.948,20.131],[-100.025,20.055],[-100.04,20.049],[-100.084,20.055],[-100.126,20.044],[-100.152,20.061],[-100.258,20.158],[-100.251,20.187],[-100.263,20.213],[-100.299,20.259],[-100.324,20.283],[-100.361,20.297],[-100.39,20.359],[-100.435,20.384],[-100.471,20.413],[-100.514,20.483],[-100.52,20.506],[-100.514,20.584],[-100.54,20.65],[-100.578,20.677],[-100.584,20.705],[-100.572,20.802],[-100.558,20.848],[-100.529,20.901],[-100.449,20.913],[-100.427,20.903],[-100.392,20.917],[-100.346,20.912],[-100.286,20.938],[-100.24,20.937],[-100.178,20.924],[-100.151,20.939],[-100.152,20.973],[-100.142,20.98],[-100.11,20.962],[-100.083,21.022],[-100.087,21.077],[-100.051,21.122],[-100.024,21.175],[-99.997,21.202],[-99.936,21.223],[-99.894,21.174],[-99.867,21.157],[-99.823,21.164],[-99.801,21.202],[-99.743,21.227],[-99.725,21.252],[-99.714,21.281],[-99.713,21.325],[-99.722,21.332],[-99.812,21.348],[-99.801,21.38],[-99.766,21.419],[-99.769,21.456],[-99.762,21.497],[-99.782,21.515],[-99.805,21.536],[-99.784,21.548],[-99.744,21.55],[-99.755,21.567],[-99.748,21.585],[-99.704,21.584],[-99.659,21.564],[-99.643,21.546],[-99.62,21.475],[-99.594,21.451],[-99.563,21.444],[-99.495,21.441],[-99.462,21.455],[-99.418,21.46],[-99.395,21.447],[-99.352,21.55],[-99.33,21.564],[-99.298,21.555],[-99.27,21.557],[-99.269,21.527],[-99.239,21.483],[-99.174,21.416],[-99.15,21.399],[-99.111,21.358],[-99.078,21.303],[-99.042,21.294]]]},"properties":{"name":"Querétaro"},"id":"MX-QUE"},{"type":"Feature","geometry":{"type":"Polygon","coordinates":[[[-96.649,18.429],[-96.681,18.398],[-96.7,18.352],[-96.722,18.331],[-96.758,18.266],[-96.807,18.26],[-96.853,18.246],[-96.908,18.212],[-96.995,18.143],[-97.078,18.167],[-97.143,18.177],[-97.198,18.166],[-97.227,18.149],[-97.301,18.067],[-97.338,17.995],[-97.372,17.962],[-97.387,17.964],[-97.405,17.989],[-97.42,18.052],[-97.462,18.113],[-97.477,18.159],[-97.507,18.2],[-97.559,18.237],[-97.563,18.253],[-97.51,18.287],[-97.506,18.304],[-97.515,18.341],[-97.534,18.355],[-97.598,18.347],[-97.66,18.321],[-97.68,18.285],[-97.708,18.222],[-97.742,18.155],[-97.724,18.126],[-97.694,18.103],[-97.63,18.064],[-97.627,18.047],[-97.698,17.984],[-97.727,17.977],[-97.774,17.99],[-97.816,18.021],[-97.843,18.048],[-97.861,18.052],[-97.882,18.039],[-97.919,18.029],[-97.999,18.025],[-98.057,18.029],[-98.12,18.015],[-98.153,17.992],[-98.203,17.964],[-98.251,17.91],[-98.315,17.941],[-98.379,18.016],[-98.404,18.02],[-98.441,18.011],[-98.475,17.978],[-98.494,17.988],[-98.55,17.977],[-98.546,18.006],[-98.555,18.018],[-98.59,18.023],[-98.623,18.053],[-98.655,18.058],[-98.723,18.086],[-98.69,18.123],[-98.689,18.144],[-98.715,18.158],[-98.789,18.145],[-98.818,18.146],[-98.839,18.198],[-98.867,18.232],[-98.92,18.256],[-98.957,18.282],[-98.974,18.3],[-98.972,18.347],[-98.961,18.36],[-98.876,18.408],[-98.837,18.457],[-98.791,18.482],[-98.759,18.53],[-98.739,18.534],[-98.628,18.434],[-98.606,18.461],[-98.619,18.514],[-98.643,18.654],[-98.658,18.721],[-98.657,18.76],[-98.633,18.804],[-98.609,18.886],[-98.581,18.965],[-98.547,19.029],[-98.552,19.196],[-98.56,19.242],[-98.587,19.304],[-98.593,19.334],[-98.592,19.375],[-98.57,19.398],[-98.585,19.452],[-98.585,19.468],[-98.557,19.479],[-98.532,19.478],[-98.511,19.465],[-98.465,19.425],[-98.423,19.394],[-98.389,19.377],[-98.337,19.325],[-98.315,19.272],[-98.268,19.223],[-98.216,19.189],[-98.171,19.177],[-98.106,19.138],[-98.071,19.143],[-98,19.199],[-97.949,19.245],[-97.926,19.246],[-97.868,19.209],[-97.837,19.21],[-97.787,19.242],[-97.757,19.305],[-97.731,19.331],[-97.698,19.319],[-97.653,19.335],[-97.591,19.338],[-97.558,19.359],[-97.547,19.402],[-97.585,19.41],[-97.611,19.433],[-97.624,19.477],[-97.641,19.484],[-97.672,19.524],[-97.696,19.539],[-97.719,19.536],[-97.757,19.52],[-97.796,19.534],[-97.778,19.581],[-97.785,19.592],[-97.85,19.639],[-97.882,19.671],[-97.949,19.721],[-97.977,19.761],[-97.996,19.763],[-98.058,19.694],[-98.083,19.685],[-98.121,19.684],[-98.165,19.699],[-98.159,19.707],[-98.195,19.835],[-98.193,19.878],[-98.164,19.951],[-98.132,19.995],[-98.115,20.087],[-98.105,20.122],[-98.1,20.176],[-98.115,20.224],[-98.118,20.258],[-98.15,20.253],[-98.178,20.239],[-98.202,20.241],[-98.23,20.294],[-98.227,20.303],[-98.164,20.324],[-98.086,20.363],[-98.049,20.415],[-97.982,20.46],[-97.935,20.51],[-97.941,20.593],[-97.938,20.623],[-97.925,20.688],[-97.91,20.719],[-97.871,20.747],[-97.868,20.779],[-97.833,20.814],[-97.822,20.852],[-97.775,20.838],[-97.715,20.852],[-97.694,20.85],[-97.702,20.813],[-97.694,20.782],[-97.743,20.754],[-97.737,20.743],[-97.702,20.75],[-97.67,20.727],[-97.684,20.696],[-97.678,20.664],[-97.646,20.633],[-97.557,20.587],[-97.538,20.545],[-97.54,20.526],[-97.571,20.495],[-97.597,20.452],[-97.612,20.453],[-97.662,20.486],[-97.709,20.458],[-97.713,20.412],[-97.706,20.307],[-97.688,20.217],[-97.661,20.197],[-97.6,20.209],[-97.579,20.205],[-97.545,20.138],[-97.521,20.13],[-97.496,20.144],[-97.436,20.209],[-97.408,20.256],[-97.375,20.282],[-97.339,20.27],[-97.308,20.253],[-97.268,20.24],[-97.188,20.223],[-97.093,20.188],[-97.09,20.169],[-97.113,20.143],[-97.176,20.056],[-97.212,19.964],[-97.242,19.894],[-97.25,19.864],[-97.238,19.826],[-97.251,19.79],[-97.278,19.757],[-97.317,19.657],[-97.34,19.648],[-97.349,19.622],[-97.311,19.549],[-97.294,19.509],[-97.295,19.488],[-97.316,19.456],[-97.303,19.44],[-97.245,19.403],[-97.172,19.381],[-97.129,19.38],[-97.1,19.372],[-97.058,19.351],[-96.984,19.324],[-96.965,19.301],[-96.96,19.253],[-96.967,19.226],[-97.118,19.231],[-97.181,19.23],[-97.188,19.196],[-97.174,19.136],[-97.165,18.985],[-97.17,18.942],[-97.208,18.906],[-97.244,18.851],[-97.244,18.737],[-97.23,18.695],[-97.196,18.667],[-97.091,18.634],[-97.058,18.634],[-97.044,18.625],[-97.051,18.596],[-97.025,18.553],[-97.004,18.507],[-96.976,18.477],[-96.937,18.466],[-96.919,18.473],[-96.881,18.513],[-96.826,18.543],[-96.788,18.537],[-96.723,18.512],[-96.692,18.488],[-96.65,18.442],[-96.649,18.429]]]},"properties":{"name":"Puebla"},"id":"MX-PUE"},{"type":"Feature","geometry":{"type":"Polygon","coordinates":[[[-93.874,17.152],[-93.887,17.115],[-93.883,17.081],[-93.886,17.039],[-93.917,16.999],[-93.937,16.9],[-93.949,16.865],[-93.98,16.832],[-94.06,16.774],[-94.081,16.732],[-94.087,16.706],[-94.154,16.522],[-94.157,16.489],[-94.117,16.414],[-94.107,16.376],[-94.128,16.32],[-94.123,16.222],[-94.14,16.222],[-94.168,16.199],[-94.201,16.187],[-94.241,16.207],[-94.27,16.205],[-94.293,16.219],[-94.301,16.238],[-94.336,16.238],[-94.35,16.275],[-94.372,16.296],[-94.416,16.281],[-94.416,16.242],[-94.442,16.241],[-94.443,16.216],[-94.398,16.179],[-94.34,16.167],[-94.32,16.176],[-94.257,16.162],[-94.224,16.167],[-94.161,16.131],[-94.162,16.12],[-94.132,16.094],[-94.101,16.078],[-94.108,16.053],[-94.179,16.089],[-94.296,16.134],[-94.414,16.169],[-94.483,16.184],[-94.558,16.196],[-94.703,16.212],[-94.717,16.237],[-94.662,16.249],[-94.626,16.264],[-94.597,16.289],[-94.581,16.333],[-94.62,16.355],[-94.676,16.365],[-94.728,16.33],[-94.743,16.301],[-94.781,16.299],[-94.792,16.275],[-94.816,16.296],[-94.787,16.311],[-94.772,16.332],[-94.799,16.346],[-94.816,16.368],[-94.807,16.392],[-94.838,16.408],[-94.84,16.425],[-94.862,16.432],[-94.885,16.422],[-94.929,16.415],[-94.955,16.384],[-94.965,16.345],[-94.981,16.329],[-95.031,16.33],[-95.054,16.301],[-95.068,16.299],[-95.059,16.266],[-95.084,16.263],[-95.101,16.232],[-95.043,16.225],[-94.917,16.235],[-94.845,16.233],[-94.819,16.216],[-94.912,16.21],[-95.072,16.184],[-95.145,16.19],[-95.152,16.167],[-95.182,16.17],[-95.198,16.16],[-95.232,16.16],[-95.252,16.142],[-95.277,16.142],[-95.283,16.104],[-95.334,16.091],[-95.364,16.07],[-95.377,16.049],[-95.369,16.019],[-95.424,16.001],[-95.431,15.981],[-95.465,15.978],[-95.493,15.987],[-95.497,15.965],[-95.52,15.961],[-95.576,15.965],[-95.58,15.947],[-95.606,15.943],[-95.617,15.929],[-95.661,15.912],[-95.713,15.909],[-95.759,15.899],[-95.791,15.885],[-95.81,15.867],[-95.882,15.851],[-95.89,15.842],[-95.964,15.827],[-95.968,15.817],[-96.005,15.809],[-96.028,15.793],[-96.073,15.779],[-96.073,15.768],[-96.131,15.753],[-96.172,15.714],[-96.242,15.685],[-96.339,15.684],[-96.419,15.696],[-96.441,15.691],[-96.494,15.658],[-96.54,15.665],[-96.557,15.659],[-96.624,15.684],[-96.698,15.717],[-96.742,15.726],[-96.858,15.74],[-96.92,15.777],[-96.966,15.795],[-97.017,15.806],[-97.048,15.827],[-97.059,15.857],[-97.105,15.869],[-97.137,15.895],[-97.209,15.923],[-97.274,15.939],[-97.34,15.946],[-97.369,15.938],[-97.42,15.941],[-97.494,15.957],[-97.525,15.97],[-97.555,15.962],[-97.618,15.976],[-97.658,15.978],[-97.675,15.963],[-97.772,15.977],[-97.846,16.019],[-97.931,16.081],[-97.999,16.122],[-98.116,16.184],[-98.186,16.212],[-98.217,16.234],[-98.286,16.251],[-98.403,16.266],[-98.459,16.281],[-98.556,16.319],[-98.504,16.361],[-98.45,16.392],[-98.371,16.456],[-98.355,16.498],[-98.352,16.534],[-98.328,16.561],[-98.261,16.599],[-98.188,16.672],[-98.181,16.724],[-98.143,16.75],[-98.118,16.748],[-98.095,16.758],[-98.058,16.794],[-98.041,16.818],[-98.022,16.904],[-98.036,16.964],[-98.053,16.985],[-98.1,16.995],[-98.11,17.017],[-98.106,17.091],[-98.124,17.136],[-98.136,17.143],[-98.215,17.166],[-98.238,17.185],[-98.23,17.265],[-98.194,17.297],[-98.205,17.339],[-98.218,17.472],[-98.239,17.532],[-98.314,17.659],[-98.327,17.705],[-98.32,17.759],[-98.284,17.856],[-98.251,17.91],[-98.203,17.964],[-98.153,17.992],[-98.12,18.015],[-98.057,18.029],[-97.999,18.025],[-97.919,18.029],[-97.882,18.039],[-97.861,18.052],[-97.843,18.048],[-97.816,18.021],[-97.774,17.99],[-97.727,17.977],[-97.698,17.984],[-97.627,18.047],[-97.63,18.064],[-97.694,18.103],[-97.724,18.126],[-97.742,18.155],[-97.708,18.222],[-97.68,18.285],[-97.66,18.321],[-97.598,18.347],[-97.534,18.355],[-97.515,18.341],[-97.506,18.304],[-97.51,18.287],[-97.563,18.253],[-97.559,18.237],[-97.507,18.2],[-97.477,18.159],[-97.462,18.113],[-97.42,18.052],[-97.405,17.989],[-97.387,17.964],[-97.372,17.962],[-97.338,17.995],[-97.301,18.067],[-97.227,18.149],[-97.198,18.166],[-97.143,18.177],[-97.078,18.167],[-96.995,18.143],[-96.908,18.212],[-96.853,18.246],[-96.807,18.26],[-96.758,18.266],[-96.722,18.331],[-96.7,18.352],[-96.681,18.398],[-96.649,18.429],[-96.637,18.441],[-96.602,18.512],[-96.59,18.549],[-96.609,18.577],[-96.608,18.61],[-96.582,18.633],[-96.536,18.589],[-96.496,18.576],[-96.519,18.527],[-96.507,18.502],[-96.493,18.437],[-96.495,18.423],[-96.469,18.389],[-96.427,18.354],[-96.391,18.329],[-96.373,18.326],[-96.339,18.344],[-96.283,18.313],[-96.242,18.241],[-96.212,18.244],[-96.187,18.238],[-96.211,18.215],[-96.181,18.19],[-96.145,18.198],[-96.104,18.222],[-96.082,18.22],[-96.025,18.2],[-95.979,18.207],[-95.945,18.192],[-95.898,18.189],[-95.877,18.172],[-95.866,18.149],[-95.857,18.099],[-95.837,18.027],[-95.846,17.979],[-95.878,17.937],[-95.918,17.838],[-95.947,17.812],[-95.933,17.784],[-95.94,17.74],[-95.893,17.656],[-95.87,17.59],[-95.853,17.57],[-95.775,17.548],[-95.725,17.573],[-95.668,17.567],[-95.61,17.579],[-95.49,17.66],[-95.45,17.672],[-95.402,17.676],[-95.343,17.695],[-95.295,17.737],[-95.278,17.734],[-95.224,17.702],[-95.231,17.676],[-95.29,17.651],[-95.303,17.631],[-95.299,17.607],[-95.224,17.51],[-95.205,17.482],[-95.133,17.409],[-95.049,17.355],[-95.028,17.331],[-95.028,17.293],[-95.002,17.271],[-95.023,17.224],[-95.015,17.219],[-94.776,17.204],[-94.588,17.193],[-94.151,17.167],[-93.874,17.152]]]},"properties":{"name":"Oaxaca"},"id":"MX-OAX"},{"type":"Feature","geometry":{"type":"Polygon","coordinates":[[[-99.727,27.668],[-99.753,27.656],[-99.785,27.61],[-99.804,27.595],[-99.835,27.591],[-99.87,27.571],[-99.915,27.566],[-99.939,27.541],[-99.929,27.513],[-99.943,27.475],[-99.919,27.459],[-99.848,27.452],[-99.767,27.457],[-99.757,27.421],[-99.8,27.385],[-99.804,27.37],[-99.753,27.34],[-99.75,27.321],[-99.762,27.252],[-99.752,27.202],[-99.706,27.162],[-99.707,27.11],[-99.69,27.082],[-99.689,27.048],[-99.724,27.026],[-99.755,26.998],[-99.775,26.956],[-99.787,26.912],[-99.782,26.872],[-99.771,26.866],[-99.724,26.874],[-99.673,26.851],[-99.653,26.823],[-99.671,26.776],[-99.671,26.725],[-99.681,26.69],[-99.681,26.661],[-99.649,26.631],[-99.613,26.645],[-99.587,26.63],[-99.569,26.582],[-99.553,26.562],[-99.525,26.566],[-99.478,26.554],[-99.462,26.53],[-99.448,26.464],[-99.428,26.405],[-99.356,26.316],[-99.299,26.32],[-99.302,26.284],[-99.255,26.226],[-99.227,26.223],[-99.198,26.249],[-99.172,26.247],[-99.165,26.226],[-99.18,26.199],[-99.152,26.167],[-99.149,26.151],[-99.185,26.139],[-99.152,26.123],[-99.137,26.099],[-99.074,26.083],[-99.006,26.082],[-98.98,26.061],[-98.933,25.977],[-98.895,25.957],[-98.864,25.965],[-98.788,26.012],[-98.746,26.007],[-98.713,26.018],[-98.611,26.032],[-98.583,26.016],[-98.578,25.963],[-98.546,25.926],[-98.555,25.87],[-98.558,25.805],[-98.534,25.75],[-98.553,25.722],[-98.555,25.672],[-98.561,25.647],[-98.534,25.59],[-98.55,25.561],[-98.511,25.531],[-98.431,25.509],[-98.415,25.499],[-98.425,25.458],[-98.455,25.446],[-98.475,25.423],[-98.499,25.373],[-98.549,25.351],[-98.603,25.298],[-98.634,25.296],[-98.674,25.254],[-98.717,25.245],[-98.813,25.234],[-98.849,25.224],[-98.888,25.182],[-98.899,25.138],[-98.918,25.108],[-99.01,25.11],[-99.03,25.116],[-99.055,25.159],[-99.075,25.16],[-99.105,25.114],[-99.133,25.089],[-99.183,25.074],[-99.194,25.059],[-99.191,25.027],[-99.169,24.978],[-99.143,24.965],[-99.158,24.904],[-99.194,24.9],[-99.231,24.875],[-99.25,24.817],[-99.294,24.8],[-99.31,24.856],[-99.325,24.851],[-99.339,24.813],[-99.385,24.796],[-99.43,24.738],[-99.449,24.734],[-99.487,24.747],[-99.5,24.741],[-99.529,24.703],[-99.552,24.664],[-99.6,24.636],[-99.667,24.617],[-99.694,24.592],[-99.746,24.568],[-99.757,24.55],[-99.774,24.491],[-99.765,24.481],[-99.692,24.484],[-99.676,24.472],[-99.641,24.388],[-99.639,24.355],[-99.649,24.304],[-99.669,24.238],[-99.68,24.168],[-99.676,24.14],[-99.662,24.121],[-99.63,24.095],[-99.605,24.064],[-99.589,24.021],[-99.558,23.966],[-99.549,23.93],[-99.531,23.914],[-99.495,23.902],[-99.478,23.865],[-99.464,23.816],[-99.554,23.832],[-99.569,23.828],[-99.57,23.793],[-99.582,23.773],[-99.652,23.737],[-99.681,23.732],[-99.782,23.757],[-99.817,23.746],[-99.847,23.723],[-99.875,23.712],[-99.886,23.69],[-99.901,23.608],[-99.96,23.543],[-99.973,23.508],[-99.975,23.468],[-99.958,23.403],[-99.966,23.337],[-99.995,23.347],[-100.027,23.343],[-100.064,23.356],[-100.09,23.352],[-100.122,23.326],[-100.1,23.277],[-100.117,23.248],[-100.227,23.266],[-100.273,23.276],[-100.325,23.219],[-100.347,23.181],[-100.366,23.172],[-100.426,23.199],[-100.462,23.232],[-100.476,23.253],[-100.498,23.314],[-100.499,23.384],[-100.511,23.421],[-100.508,23.465],[-100.528,23.512],[-100.523,23.57],[-100.499,23.624],[-100.488,23.671],[-100.483,23.718],[-100.487,23.751],[-100.525,23.804],[-100.519,23.846],[-100.515,23.915],[-100.517,23.965],[-100.552,24.047],[-100.611,24.123],[-100.652,24.162],[-100.646,24.214],[-100.657,24.23],[-100.718,24.277],[-100.729,24.307],[-100.681,24.364],[-100.707,24.386],[-100.685,24.432],[-100.688,24.443],[-100.743,24.462],[-100.785,24.454],[-100.807,24.468],[-100.854,24.54],[-100.832,24.555],[-100.818,24.619],[-100.792,24.674],[-100.798,24.697],[-100.818,24.719],[-100.823,24.77],[-100.871,24.814],[-100.878,24.826],[-100.865,24.87],[-100.876,24.9],[-100.845,24.918],[-100.774,24.916],[-100.766,24.93],[-100.776,24.983],[-100.769,25.009],[-100.805,25.115],[-100.8,25.133],[-100.772,25.163],[-100.737,25.232],[-100.666,25.253],[-100.677,25.282],[-100.639,25.294],[-100.57,25.287],[-100.54,25.246],[-100.518,25.232],[-100.451,25.215],[-100.414,25.213],[-100.382,25.2],[-100.304,25.199],[-100.29,25.206],[-100.284,25.248],[-100.254,25.28],[-100.27,25.315],[-100.305,25.326],[-100.325,25.355],[-100.344,25.362],[-100.386,25.359],[-100.469,25.378],[-100.449,25.416],[-100.498,25.451],[-100.58,25.484],[-100.612,25.515],[-100.633,25.61],[-100.635,25.639],[-100.649,25.652],[-100.734,25.655],[-100.767,25.679],[-100.811,25.684],[-100.845,25.748],[-100.855,25.837],[-100.836,25.91],[-100.815,25.942],[-100.83,25.966],[-100.865,25.968],[-100.894,25.995],[-100.922,26.01],[-100.954,26.103],[-100.964,26.122],[-101.071,26.195],[-101.15,26.28],[-101.261,26.381],[-101.254,26.414],[-101.234,26.438],[-101.157,26.501],[-101.138,26.539],[-101.115,26.599],[-101.081,26.631],[-101.043,26.642],[-100.94,26.641],[-100.856,26.697],[-100.836,26.702],[-100.708,26.701],[-100.693,26.737],[-100.676,26.749],[-100.663,26.78],[-100.621,26.807],[-100.617,26.837],[-100.587,26.887],[-100.586,26.913],[-100.596,26.946],[-100.605,27.006],[-100.604,27.071],[-100.619,27.085],[-100.655,27.098],[-100.686,27.124],[-100.711,27.126],[-100.725,27.097],[-100.739,27.015],[-100.763,27.013],[-100.875,27.087],[-100.885,27.135],[-100.885,27.207],[-100.844,27.276],[-100.812,27.313],[-100.765,27.35],[-100.717,27.337],[-100.676,27.357],[-100.633,27.369],[-100.544,27.365],[-100.519,27.383],[-100.515,27.4],[-100.525,27.464],[-100.513,27.492],[-100.446,27.585],[-100.43,27.632],[-100.424,27.668],[-100.379,27.691],[-100.303,27.691],[-100.232,27.7],[-100.181,27.684],[-100.104,27.683],[-100.039,27.666],[-100.012,27.667],[-99.935,27.713],[-99.897,27.715],[-99.853,27.743],[-99.843,27.765],[-99.813,27.771],[-99.804,27.738],[-99.773,27.729],[-99.727,27.668]]]},"properties":{"name":"Nuevo León"},"id":"MX-NLE"},{"type":"Feature","geometry":{"type":"MultiPolygon","coordinates":[[[[-105.685,22.572],[-105.673,22.532],[-105.662,22.518],[-105.668,22.468],[-105.646,22.45],[-105.655,22.425],[-105.646,22.405],[-105.633,22.258],[-105.62,22.241],[-105.617,22.189],[-105.641,22.188],[-105.649,22.203],[-105.662,22.294],[-105.679,22.358],[-105.698,22.415],[-105.745,22.507],[-105.702,22.468],[-105.671,22.477],[-105.675,22.507],[-105.701,22.558],[-105.685,22.572]]],[[[-106.673,21.775],[-106.658,21.738],[-106.679,21.729],[-106.688,21.76],[-106.673,21.775]]],[[[-106.232,21.336],[-106.225,21.306],[-106.257,21.292],[-106.275,21.318],[-106.258,21.336],[-106.232,21.336]]],[[[-106.655,21.697],[-106.598,21.691],[-106.55,21.671],[-106.534,21.654],[-106.537,21.632],[-106.506,21.603],[-106.514,21.571],[-106.538,21.557],[-106.602,21.582],[-106.633,21.604],[-106.631,21.622],[-106.654,21.656],[-106.655,21.697]]],[[[-104.363,22.403],[-104.355,22.383],[-104.359,22.346],[-104.355,22.3],[-104.338,22.265],[-104.309,22.249],[-104.302,22.231],[-104.329,22.153],[-104.343,22.102],[-104.352,22.049],[-104.345,21.972],[-104.333,21.936],[-104.319,21.935],[-104.267,21.955],[-104.219,21.912],[-104.175,21.909],[-104.153,21.891],[-104.155,21.826],[-104.137,21.754],[-104.115,21.729],[-104.079,21.724],[-104.033,21.724],[-103.951,21.715],[-103.936,21.707],[-103.916,21.676],[-103.904,21.614],[-103.866,21.547],[-103.833,21.528],[-103.811,21.5],[-103.801,21.445],[-103.815,21.356],[-103.817,21.287],[-103.833,21.256],[-103.856,21.24],[-103.923,21.209],[-103.991,21.198],[-104.03,21.162],[-104.068,21.147],[-104.096,21.152],[-104.14,21.145],[-104.216,21.143],[-104.229,21.138],[-104.246,21.0],[-104.259,20.935],[-104.27,20.905],[-104.275,20.867],[-104.289,20.819],[-104.322,20.812],[-104.34,20.788],[-104.325,20.73],[-104.296,20.702],[-104.308,20.689],[-104.268,20.654],[-104.256,20.591],[-104.282,20.591],[-104.302,20.65],[-104.363,20.708],[-104.387,20.719],[-104.421,20.759],[-104.464,20.78],[-104.493,20.806],[-104.57,20.893],[-104.596,20.905],[-104.619,20.898],[-104.693,20.922],[-104.706,20.942],[-104.741,20.976],[-104.801,21.003],[-104.851,20.995],[-104.906,20.956],[-104.915,20.941],[-104.979,20.904],[-105.018,20.904],[-105.072,20.921],[-105.107,20.911],[-105.138,20.892],[-105.174,20.847],[-105.205,20.796],[-105.231,20.779],[-105.27,20.717],[-105.296,20.693],[-105.311,20.727],[-105.345,20.759],[-105.364,20.762],[-105.399,20.734],[-105.432,20.747],[-105.479,20.755],[-105.519,20.771],[-105.488,20.795],[-105.466,20.836],[-105.452,20.876],[-105.437,20.872],[-105.416,20.9],[-105.402,20.931],[-105.354,20.961],[-105.319,21.005],[-105.313,21.037],[-105.272,21.023],[-105.243,21.049],[-105.227,21.084],[-105.238,21.121],[-105.226,21.154],[-105.234,21.183],[-105.216,21.199],[-105.218,21.239],[-105.232,21.31],[-105.244,21.345],[-105.218,21.41],[-105.189,21.445],[-105.197,21.492],[-105.226,21.523],[-105.264,21.512],[-105.326,21.553],[-105.407,21.596],[-105.45,21.63],[-105.452,21.649],[-105.507,21.764],[-105.568,21.869],[-105.587,21.89],[-105.626,21.953],[-105.651,22.015],[-105.654,22.052],[-105.647,22.119],[-105.647,22.171],[-105.615,22.185],[-105.597,22.14],[-105.573,22.137],[-105.56,22.107],[-105.514,22.091],[-105.481,22.07],[-105.481,22.097],[-105.469,22.127],[-105.484,22.143],[-105.534,22.172],[-105.56,22.171],[-105.57,22.217],[-105.614,22.215],[-105.609,22.241],[-105.629,22.277],[-105.638,22.403],[-105.65,22.424],[-105.642,22.456],[-105.665,22.47],[-105.655,22.495],[-105.659,22.521],[-105.673,22.541],[-105.68,22.574],[-105.667,22.58],[-105.583,22.534],[-105.505,22.528],[-105.454,22.51],[-105.43,22.546],[-105.439,22.591],[-105.439,22.622],[-105.455,22.635],[-105.457,22.66],[-105.473,22.697],[-105.516,22.733],[-105.534,22.781],[-105.521,22.819],[-105.49,22.862],[-105.453,22.896],[-105.443,22.921],[-105.447,22.966],[-105.431,23.023],[-105.397,23.045],[-105.355,22.998],[-105.33,22.963],[-105.309,22.948],[-105.242,22.961],[-105.206,23.009],[-105.184,23.008],[-105.16,22.973],[-105.124,22.943],[-105.07,22.921],[-105.048,22.917],[-104.999,22.921],[-104.971,22.885],[-104.964,22.824],[-104.943,22.811],[-104.897,22.811],[-104.892,22.766],[-104.916,22.733],[-104.984,22.7],[-105.036,22.658],[-105.052,22.635],[-105.049,22.617],[-104.989,22.496],[-104.964,22.465],[-104.936,22.464],[-104.904,22.495],[-104.895,22.524],[-104.85,22.591],[-104.827,22.574],[-104.809,22.539],[-104.794,22.526],[-104.726,22.51],[-104.626,22.421],[-104.607,22.368],[-104.588,22.344],[-104.562,22.337],[-104.516,22.302],[-104.496,22.304],[-104.491,22.341],[-104.481,22.355],[-104.409,22.379],[-104.363,22.403]]],[[[-106.439,21.499],[-106.424,21.488],[-106.376,21.483],[-106.36,21.462],[-106.381,21.448],[-106.386,21.419],[-106.412,21.422],[-106.463,21.449],[-106.494,21.471],[-106.458,21.496],[-106.439,21.499]]]]},"properties":{"name":"Nayarit"},"id":"MX-NAY"},{"type":"Feature","geometry":{"type":"Polygon","coordinates":[[[-98.865,19.071],[-98.826,19.04],[-98.807,18.999],[-98.789,18.98],[-98.739,18.965],[-98.687,18.944],[-98.649,18.965],[-98.603,19.009],[-98.582,19.022],[-98.547,19.029],[-98.581,18.965],[-98.609,18.886],[-98.633,18.804],[-98.657,18.76],[-98.658,18.721],[-98.643,18.654],[-98.619,18.514],[-98.606,18.461],[-98.628,18.434],[-98.739,18.534],[-98.759,18.53],[-98.791,18.482],[-98.837,18.457],[-98.876,18.408],[-98.961,18.36],[-98.972,18.347],[-99.064,18.436],[-99.198,18.451],[-99.284,18.463],[-99.301,18.474],[-99.336,18.529],[-99.365,18.565],[-99.41,18.582],[-99.453,18.573],[-99.47,18.587],[-99.451,18.606],[-99.444,18.629],[-99.465,18.661],[-99.455,18.699],[-99.393,18.77],[-99.375,18.824],[-99.345,18.855],[-99.311,18.909],[-99.282,18.97],[-99.262,18.991],[-99.217,19.064],[-99.164,19.073],[-99.117,19.028],[-99.058,19.07],[-99.033,19.074],[-98.997,19.044],[-98.903,19.072],[-98.865,19.071]]]},"properties":{"name":"Morelos"},"id":"MX-MOR"},{"type":"Feature","geometry":{"type":"Polygon","coordinates":[[[-100.361,20.297],[-100.324,20.283],[-100.299,20.259],[-100.263,20.213],[-100.251,20.187],[-100.258,20.158],[-100.152,20.061],[-100.126,20.044],[-100.134,19.969],[-100.13,19.952],[-100.095,19.921],[-100.094,19.898],[-100.131,19.86],[-100.147,19.834],[-100.158,19.756],[-100.169,19.737],[-100.227,19.718],[-100.275,19.726],[-100.275,19.691],[-100.249,19.648],[-100.227,19.63],[-100.23,19.607],[-100.206,19.47],[-100.209,19.434],[-100.221,19.41],[-100.248,19.406],[-100.265,19.383],[-100.296,19.315],[-100.284,19.278],[-100.328,19.187],[-100.366,19.154],[-100.388,19.118],[-100.397,19.075],[-100.42,19.06],[-100.444,19.04],[-100.51,19.008],[-100.539,18.934],[-100.553,18.914],[-100.59,18.894],[-100.63,18.855],[-100.688,18.783],[-100.698,18.788],[-100.71,18.843],[-100.728,18.844],[-100.771,18.812],[-100.79,18.773],[-100.784,18.744],[-100.758,18.675],[-100.742,18.611],[-100.729,18.492],[-100.678,18.416],[-100.619,18.355],[-100.616,18.347],[-100.647,18.309],[-100.68,18.308],[-100.69,18.348],[-100.72,18.344],[-100.779,18.376],[-100.795,18.406],[-100.853,18.415],[-100.877,18.437],[-100.934,18.395],[-100.959,18.399],[-100.963,18.431],[-100.993,18.459],[-101.01,18.494],[-101.055,18.505],[-101.091,18.495],[-101.168,18.512],[-101.199,18.515],[-101.218,18.534],[-101.286,18.536],[-101.349,18.515],[-101.376,18.501],[-101.416,18.502],[-101.482,18.481],[-101.518,18.483],[-101.594,18.516],[-101.632,18.583],[-101.687,18.59],[-101.727,18.569],[-101.746,18.568],[-101.761,18.591],[-101.78,18.581],[-101.806,18.542],[-101.832,18.566],[-101.85,18.565],[-101.893,18.538],[-101.905,18.494],[-101.88,18.447],[-101.903,18.405],[-101.877,18.351],[-101.873,18.304],[-101.886,18.27],[-101.917,18.262],[-101.948,18.233],[-101.983,18.225],[-102.006,18.208],[-102.04,18.218],[-102.103,18.196],[-102.146,18.186],[-102.176,18.162],[-102.183,18.143],[-102.186,18.049],[-102.176,17.99],[-102.148,17.964],[-102.14,17.935],[-102.168,17.929],[-102.191,17.914],[-102.253,17.947],[-102.309,17.97],[-102.382,17.988],[-102.471,18.016],[-102.503,18.019],[-102.627,18.051],[-102.691,18.055],[-102.722,18.069],[-102.787,18.082],[-102.992,18.174],[-103.06,18.193],[-103.116,18.193],[-103.143,18.2],[-103.207,18.229],[-103.251,18.234],[-103.296,18.249],[-103.341,18.271],[-103.362,18.263],[-103.414,18.297],[-103.491,18.329],[-103.514,18.351],[-103.53,18.383],[-103.541,18.431],[-103.558,18.453],[-103.585,18.508],[-103.639,18.557],[-103.699,18.593],[-103.685,18.625],[-103.703,18.656],[-103.747,18.697],[-103.72,18.762],[-103.656,18.792],[-103.646,18.807],[-103.641,18.846],[-103.647,18.875],[-103.632,18.885],[-103.591,18.873],[-103.571,18.895],[-103.543,18.908],[-103.493,18.959],[-103.455,18.973],[-103.426,18.974],[-103.406,18.962],[-103.364,18.963],[-103.276,19.027],[-103.254,19.024],[-103.232,18.986],[-103.204,18.957],[-103.193,18.96],[-103.129,19.026],[-103.087,19.056],[-103.041,19.072],[-103.009,19.104],[-102.941,19.162],[-102.881,19.208],[-102.826,19.236],[-102.782,19.234],[-102.744,19.211],[-102.733,19.213],[-102.714,19.275],[-102.699,19.301],[-102.631,19.364],[-102.605,19.396],[-102.598,19.422],[-102.608,19.455],[-102.632,19.481],[-102.716,19.485],[-102.766,19.478],[-102.749,19.525],[-102.741,19.576],[-102.754,19.617],[-102.776,19.633],[-102.817,19.735],[-102.813,19.746],[-102.78,19.763],[-102.767,19.794],[-102.771,19.832],[-102.791,19.878],[-102.818,19.902],[-102.888,19.918],[-102.946,19.937],[-103.003,19.936],[-103.037,19.948],[-103.055,19.927],[-103.075,19.928],[-103.095,19.96],[-103.059,20.017],[-103.062,20.066],[-103.058,20.106],[-103.044,20.116],[-103.007,20.108],[-103.006,20.14],[-102.995,20.152],[-102.896,20.135],[-102.877,20.121],[-102.854,20.086],[-102.837,20.087],[-102.827,20.118],[-102.812,20.116],[-102.742,20.146],[-102.701,20.153],[-102.698,20.199],[-102.66,20.212],[-102.62,20.252],[-102.577,20.249],[-102.544,20.269],[-102.525,20.294],[-102.495,20.311],[-102.452,20.323],[-102.417,20.314],[-102.385,20.318],[-102.332,20.336],[-102.264,20.329],[-102.196,20.356],[-102.178,20.369],[-102.122,20.372],[-102.066,20.369],[-102.032,20.367],[-102.019,20.347],[-101.996,20.349],[-101.974,20.331],[-101.988,20.316],[-101.974,20.29],[-101.973,20.253],[-101.961,20.208],[-101.943,20.191],[-101.911,20.188],[-101.864,20.214],[-101.845,20.198],[-101.808,20.205],[-101.757,20.203],[-101.72,20.192],[-101.683,20.228],[-101.64,20.297],[-101.556,20.324],[-101.531,20.309],[-101.505,20.319],[-101.474,20.318],[-101.43,20.29],[-101.382,20.237],[-101.377,20.222],[-101.402,20.212],[-101.443,20.231],[-101.438,20.185],[-101.425,20.166],[-101.429,20.135],[-101.425,20.044],[-101.406,20.025],[-101.346,20.017],[-101.304,20.016],[-101.232,19.988],[-101.183,20.008],[-101.192,20.048],[-101.153,20.062],[-101.115,20.044],[-101.026,20.067],[-101.021,20.055],[-101.006,19.956],[-100.982,19.968],[-100.879,19.952],[-100.827,19.928],[-100.675,19.924],[-100.634,19.96],[-100.597,19.962],[-100.557,19.978],[-100.537,19.969],[-100.551,19.932],[-100.525,19.919],[-100.506,19.972],[-100.477,20.002],[-100.395,20.012],[-100.347,20.056],[-100.338,20.082],[-100.371,20.107],[-100.351,20.161],[-100.355,20.211],[-100.372,20.229],[-100.379,20.255],[-100.361,20.297]]]},"properties":{"name":"Michoacán"},"id":"MX-MIC"},{"type":"Feature","geometry":{"type":"Polygon","coordinates":[[[-98.675,19.55],[-98.666,19.525],[-98.636,19.481],[-98.606,19.49],[-98.585,19.468],[-98.585,19.452],[-98.57,19.398],[-98.592,19.375],[-98.593,19.334],[-98.587,19.304],[-98.56,19.242],[-98.552,19.196],[-98.547,19.029],[-98.582,19.022],[-98.603,19.009],[-98.649,18.965],[-98.687,18.944],[-98.739,18.965],[-98.789,18.98],[-98.807,18.999],[-98.826,19.04],[-98.865,19.071],[-98.873,19.103],[-98.856,19.13],[-98.854,19.166],[-98.868,19.226],[-98.877,19.245],[-98.906,19.245],[-98.909,19.286],[-98.924,19.301],[-98.982,19.337],[-98.994,19.355],[-99.013,19.413],[-99.042,19.459],[-99.076,19.486],[-99.074,19.526],[-99.104,19.529],[-99.126,19.498],[-99.177,19.446],[-99.199,19.371],[-99.227,19.343],[-99.255,19.33],[-99.304,19.295],[-99.326,19.267],[-99.322,19.23],[-99.295,19.19],[-99.282,19.161],[-99.236,19.086],[-99.217,19.064],[-99.262,18.991],[-99.282,18.97],[-99.311,18.909],[-99.345,18.855],[-99.375,18.824],[-99.393,18.77],[-99.455,18.699],[-99.465,18.661],[-99.497,18.666],[-99.53,18.647],[-99.562,18.665],[-99.609,18.673],[-99.645,18.714],[-99.678,18.712],[-99.681,18.7],[-99.661,18.664],[-99.663,18.646],[-99.734,18.634],[-99.751,18.575],[-99.785,18.586],[-99.82,18.57],[-99.832,18.548],[-99.972,18.539],[-100.003,18.555],[-100.044,18.537],[-100.058,18.514],[-100.03,18.461],[-100.069,18.448],[-100.123,18.442],[-100.145,18.427],[-100.189,18.382],[-100.208,18.356],[-100.254,18.356],[-100.265,18.347],[-100.296,18.381],[-100.318,18.414],[-100.327,18.456],[-100.387,18.468],[-100.429,18.458],[-100.45,18.461],[-100.467,18.483],[-100.4,18.552],[-100.39,18.58],[-100.394,18.625],[-100.405,18.639],[-100.464,18.654],[-100.479,18.715],[-100.476,18.758],[-100.462,18.805],[-100.45,18.876],[-100.408,18.949],[-100.406,18.977],[-100.423,19.013],[-100.412,19.05],[-100.42,19.06],[-100.397,19.075],[-100.388,19.118],[-100.366,19.154],[-100.328,19.187],[-100.284,19.278],[-100.296,19.315],[-100.265,19.383],[-100.248,19.406],[-100.221,19.41],[-100.209,19.434],[-100.206,19.47],[-100.23,19.607],[-100.227,19.63],[-100.249,19.648],[-100.275,19.691],[-100.275,19.726],[-100.227,19.718],[-100.169,19.737],[-100.158,19.756],[-100.147,19.834],[-100.131,19.86],[-100.094,19.898],[-100.095,19.921],[-100.13,19.952],[-100.134,19.969],[-100.126,20.044],[-100.084,20.055],[-100.04,20.049],[-100.025,20.055],[-99.948,20.131],[-99.945,20.144],[-99.959,20.197],[-99.981,20.233],[-99.971,20.244],[-99.936,20.222],[-99.91,20.226],[-99.918,20.253],[-99.906,20.277],[-99.862,20.307],[-99.815,20.255],[-99.792,20.24],[-99.755,20.232],[-99.71,20.198],[-99.68,20.189],[-99.599,20.178],[-99.525,20.172],[-99.519,20.151],[-99.494,20.141],[-99.484,20.107],[-99.433,20.023],[-99.461,19.985],[-99.444,19.96],[-99.412,19.938],[-99.399,19.891],[-99.371,19.866],[-99.371,19.841],[-99.355,19.815],[-99.365,19.727],[-99.325,19.741],[-99.311,19.759],[-99.3,19.793],[-99.304,19.843],[-99.275,19.836],[-99.219,19.805],[-99.192,19.834],[-99.181,19.859],[-99.176,19.9],[-99.178,19.951],[-99.17,19.976],[-99.15,19.988],[-99.015,20.016],[-98.956,20.052],[-98.906,20.069],[-98.882,20.066],[-98.864,20.015],[-98.875,19.965],[-98.894,19.939],[-98.908,19.854],[-98.942,19.851],[-98.978,19.831],[-98.986,19.811],[-98.96,19.767],[-98.952,19.744],[-98.952,19.71],[-98.917,19.706],[-98.889,19.753],[-98.867,19.769],[-98.848,19.803],[-98.788,19.807],[-98.704,19.822],[-98.633,19.829],[-98.616,19.826],[-98.609,19.761],[-98.633,19.7],[-98.663,19.662],[-98.683,19.604],[-98.675,19.55]]]},"properties":{"name":"México"},"id":"MX-MEX"},{"type":"Feature","geometry":{"type":"Polygon","coordinates":[[[-102.775,21.688],[-102.72,21.723],[-102.693,21.729],[-102.646,21.722],[-102.61,21.724],[-102.525,21.715],[-102.498,21.704],[-102.455,21.663],[-102.4,21.645],[-102.368,21.625],[-102.318,21.627],[-102.246,21.654],[-102.198,21.666],[-102.169,21.684],[-102.141,21.718],[-102.086,21.797],[-102.067,21.817],[-101.98,21.859],[-101.923,21.872],[-101.896,21.89],[-101.922,21.928],[-101.974,21.97],[-101.976,21.998],[-101.965,22.03],[-101.975,22.052],[-101.93,22.048],[-101.834,22.018],[-101.749,21.975],[-101.642,21.888],[-101.547,21.845],[-101.56,21.838],[-101.596,21.797],[-101.567,21.766],[-101.6,21.738],[-101.614,21.715],[-101.618,21.676],[-101.67,21.483],[-101.642,21.478],[-101.642,21.455],[-101.666,21.396],[-101.633,21.379],[-101.66,21.328],[-101.677,21.313],[-101.718,21.319],[-101.736,21.31],[-101.757,21.282],[-101.752,21.258],[-101.776,21.216],[-101.797,21.156],[-101.832,21.127],[-101.873,21.108],[-101.897,21.085],[-101.935,21.023],[-101.95,20.968],[-102.001,20.909],[-102.045,20.881],[-102.05,20.849],[-102.095,20.798],[-102.13,20.776],[-102.134,20.764],[-102.108,20.727],[-102.043,20.71],[-101.986,20.624],[-101.98,20.602],[-102.005,20.567],[-102.013,20.537],[-102.051,20.473],[-102.055,20.416],[-102.066,20.369],[-102.122,20.372],[-102.178,20.369],[-102.196,20.356],[-102.264,20.329],[-102.332,20.336],[-102.385,20.318],[-102.417,20.314],[-102.452,20.323],[-102.495,20.311],[-102.525,20.294],[-102.544,20.269],[-102.577,20.249],[-102.62,20.252],[-102.66,20.212],[-102.698,20.199],[-102.701,20.153],[-102.742,20.146],[-102.812,20.116],[-102.827,20.118],[-102.837,20.087],[-102.854,20.086],[-102.877,20.121],[-102.896,20.135],[-102.995,20.152],[-103.006,20.14],[-103.007,20.108],[-103.044,20.116],[-103.058,20.106],[-103.062,20.066],[-103.059,20.017],[-103.095,19.96],[-103.075,19.928],[-103.055,19.927],[-103.037,19.948],[-103.003,19.936],[-102.946,19.937],[-102.888,19.918],[-102.818,19.902],[-102.791,19.878],[-102.771,19.832],[-102.767,19.794],[-102.78,19.763],[-102.813,19.746],[-102.817,19.735],[-102.776,19.633],[-102.754,19.617],[-102.741,19.576],[-102.749,19.525],[-102.766,19.478],[-102.716,19.485],[-102.632,19.481],[-102.608,19.455],[-102.598,19.422],[-102.605,19.396],[-102.631,19.364],[-102.699,19.301],[-102.714,19.275],[-102.733,19.213],[-102.744,19.211],[-102.782,19.234],[-102.826,19.236],[-102.881,19.208],[-102.941,19.162],[-103.009,19.104],[-103.041,19.072],[-103.087,19.056],[-103.129,19.026],[-103.193,18.96],[-103.204,18.957],[-103.232,18.986],[-103.254,19.024],[-103.276,19.027],[-103.364,18.963],[-103.406,18.962],[-103.426,18.974],[-103.455,18.973],[-103.493,18.959],[-103.488,19.001],[-103.495,19.033],[-103.52,19.07],[-103.527,19.092],[-103.505,19.142],[-103.498,19.187],[-103.507,19.217],[-103.508,19.26],[-103.502,19.3],[-103.488,19.328],[-103.53,19.347],[-103.539,19.376],[-103.571,19.395],[-103.578,19.408],[-103.571,19.446],[-103.59,19.556],[-103.615,19.561],[-103.661,19.515],[-103.715,19.469],[-103.844,19.406],[-103.9,19.398],[-104.0,19.414],[-104.03,19.41],[-104.067,19.389],[-104.082,19.363],[-104.118,19.354],[-104.153,19.322],[-104.199,19.311],[-104.25,19.326],[-104.309,19.304],[-104.361,19.306],[-104.4,19.292],[-104.422,19.307],[-104.466,19.276],[-104.476,19.253],[-104.498,19.249],[-104.51,19.262],[-104.544,19.267],[-104.558,19.259],[-104.59,19.208],[-104.639,19.195],[-104.68,19.201],[-104.702,19.222],[-104.727,19.218],[-104.731,19.238],[-104.757,19.227],[-104.777,19.239],[-104.811,19.234],[-104.81,19.258],[-104.79,19.279],[-104.795,19.297],[-104.83,19.308],[-104.84,19.291],[-104.877,19.284],[-104.957,19.325],[-104.975,19.346],[-105.032,19.39],[-105.018,19.417],[-105.033,19.445],[-105.066,19.463],[-105.063,19.495],[-105.081,19.503],[-105.089,19.56],[-105.12,19.588],[-105.198,19.627],[-105.265,19.683],[-105.275,19.71],[-105.332,19.767],[-105.348,19.809],[-105.421,19.892],[-105.471,19.96],[-105.505,20.011],[-105.55,20.098],[-105.545,20.103],[-105.548,20.168],[-105.541,20.181],[-105.555,20.227],[-105.582,20.237],[-105.587,20.259],[-105.656,20.32],[-105.677,20.347],[-105.695,20.41],[-105.653,20.429],[-105.615,20.471],[-105.53,20.492],[-105.49,20.49],[-105.425,20.5],[-105.401,20.509],[-105.37,20.504],[-105.319,20.515],[-105.284,20.545],[-105.259,20.556],[-105.233,20.617],[-105.245,20.654],[-105.281,20.674],[-105.296,20.693],[-105.27,20.717],[-105.231,20.779],[-105.205,20.796],[-105.174,20.847],[-105.138,20.892],[-105.107,20.911],[-105.072,20.921],[-105.018,20.904],[-104.979,20.904],[-104.915,20.941],[-104.906,20.956],[-104.851,20.995],[-104.801,21.003],[-104.741,20.976],[-104.706,20.942],[-104.693,20.922],[-104.619,20.898],[-104.596,20.905],[-104.57,20.893],[-104.493,20.806],[-104.464,20.78],[-104.421,20.759],[-104.387,20.719],[-104.363,20.708],[-104.302,20.65],[-104.282,20.591],[-104.256,20.591],[-104.268,20.654],[-104.308,20.689],[-104.296,20.702],[-104.325,20.73],[-104.34,20.788],[-104.322,20.812],[-104.289,20.819],[-104.275,20.867],[-104.27,20.905],[-104.259,20.935],[-104.246,21.0],[-104.229,21.138],[-104.216,21.143],[-104.14,21.145],[-104.096,21.152],[-104.068,21.147],[-104.03,21.162],[-103.991,21.198],[-103.923,21.209],[-103.856,21.24],[-103.833,21.256],[-103.817,21.287],[-103.815,21.356],[-103.801,21.445],[-103.811,21.5],[-103.833,21.528],[-103.866,21.547],[-103.904,21.614],[-103.916,21.676],[-103.936,21.707],[-103.951,21.715],[-104.033,21.724],[-104.079,21.724],[-104.115,21.729],[-104.137,21.754],[-104.155,21.826],[-104.153,21.891],[-104.175,21.909],[-104.219,21.912],[-104.267,21.955],[-104.319,21.935],[-104.333,21.936],[-104.345,21.972],[-104.352,22.049],[-104.343,22.102],[-104.329,22.153],[-104.302,22.231],[-104.309,22.249],[-104.296,22.271],[-104.266,22.294],[-104.233,22.294],[-104.212,22.281],[-104.201,22.303],[-104.212,22.332],[-104.209,22.364],[-104.198,22.394],[-104.175,22.408],[-104.136,22.41],[-104.074,22.437],[-104.052,22.423],[-104.071,22.357],[-104.095,22.303],[-104.084,22.284],[-104.012,22.327],[-103.971,22.371],[-103.977,22.424],[-104.004,22.483],[-104.047,22.567],[-104.042,22.596],[-103.997,22.631],[-103.956,22.652],[-103.888,22.668],[-103.85,22.667],[-103.8,22.65],[-103.777,22.629],[-103.784,22.596],[-103.828,22.565],[-103.886,22.495],[-103.913,22.45],[-103.954,22.339],[-103.96,22.247],[-103.955,22.215],[-103.931,22.173],[-103.907,22.149],[-103.883,22.138],[-103.86,22.143],[-103.845,22.186],[-103.841,22.263],[-103.848,22.375],[-103.845,22.448],[-103.82,22.469],[-103.743,22.486],[-103.683,22.494],[-103.626,22.475],[-103.57,22.426],[-103.552,22.383],[-103.546,22.354],[-103.548,22.311],[-103.6,22.236],[-103.65,22.151],[-103.699,22.081],[-103.703,22.065],[-103.68,22.04],[-103.602,22.04],[-103.575,22.069],[-103.524,22.062],[-103.496,22.042],[-103.46,22.059],[-103.423,22.123],[-103.407,22.139],[-103.361,22.158],[-103.327,22.194],[-103.336,22.209],[-103.363,22.215],[-103.377,22.252],[-103.364,22.301],[-103.352,22.311],[-103.289,22.328],[-103.202,22.322],[-103.186,22.29],[-103.212,22.255],[-103.216,22.234],[-103.197,22.218],[-103.111,22.212],[-103.09,22.198],[-103.088,22.177],[-103.118,22.069],[-103.133,22.024],[-103.166,21.961],[-103.195,21.935],[-103.246,21.927],[-103.326,21.892],[-103.377,21.865],[-103.447,21.8],[-103.488,21.771],[-103.524,21.753],[-103.564,21.723],[-103.569,21.694],[-103.557,21.656],[-103.57,21.564],[-103.591,21.538],[-103.626,21.514],[-103.635,21.494],[-103.695,21.485],[-103.706,21.477],[-103.701,21.437],[-103.672,21.384],[-103.635,21.364],[-103.595,21.382],[-103.567,21.377],[-103.554,21.355],[-103.558,21.317],[-103.573,21.292],[-103.605,21.275],[-103.758,21.219],[-103.759,21.188],[-103.734,21.18],[-103.659,21.165],[-103.629,21.135],[-103.599,21.071],[-103.562,21.052],[-103.529,21.051],[-103.472,21.06],[-103.434,21.045],[-103.411,21.026],[-103.356,20.999],[-103.316,21.017],[-103.281,21.015],[-103.272,21.036],[-103.219,21.045],[-103.196,21.033],[-103.151,21.029],[-103.146,21.043],[-103.106,21.048],[-103.087,21.063],[-103.074,21.139],[-103.049,21.159],[-102.994,21.177],[-102.934,21.158],[-102.884,21.189],[-102.84,21.231],[-102.791,21.267],[-102.699,21.32],[-102.661,21.369],[-102.639,21.446],[-102.641,21.47],[-102.752,21.536],[-102.779,21.605],[-102.775,21.688]]]},"properties":{"name":"Jalisco"},"id":"MX-JAL"},{"type":"Feature","geometry":{"type":"Polygon","coordinates":[[[-98.536,21.411],[-98.502,21.405],[-98.49,21.377],[-98.49,21.346],[-98.507,21.29],[-98.502,21.277],[-98.429,21.213],[-98.379,21.188],[-98.326,21.186],[-98.309,21.194],[-98.292,21.219],[-98.264,21.217],[-98.211,21.196],[-98.189,21.178],[-98.187,21.157],[-98.127,21.094],[-98.112,21.056],[-98.162,21.011],[-98.184,20.976],[-98.208,20.912],[-98.21,20.893],[-98.187,20.853],[-98.198,20.829],[-98.255,20.821],[-98.309,20.873],[-98.328,20.873],[-98.423,20.792],[-98.436,20.759],[-98.462,20.739],[-98.467,20.654],[-98.475,20.601],[-98.498,20.553],[-98.508,20.503],[-98.508,20.474],[-98.461,20.377],[-98.426,20.336],[-98.406,20.344],[-98.353,20.403],[-98.287,20.425],[-98.254,20.446],[-98.179,20.53],[-98.141,20.551],[-98.115,20.558],[-98.082,20.584],[-98.029,20.645],[-97.996,20.659],[-97.956,20.625],[-97.938,20.623],[-97.941,20.593],[-97.935,20.51],[-97.982,20.46],[-98.049,20.415],[-98.086,20.363],[-98.164,20.324],[-98.227,20.303],[-98.23,20.294],[-98.202,20.241],[-98.178,20.239],[-98.15,20.253],[-98.118,20.258],[-98.115,20.224],[-98.1,20.176],[-98.105,20.122],[-98.115,20.087],[-98.132,19.995],[-98.164,19.951],[-98.193,19.878],[-98.195,19.835],[-98.159,19.707],[-98.165,19.699],[-98.235,19.72],[-98.26,19.718],[-98.287,19.683],[-98.293,19.663],[-98.322,19.631],[-98.351,19.617],[-98.435,19.606],[-98.474,19.615],[-98.511,19.598],[-98.538,19.597],[-98.614,19.574],[-98.675,19.55],[-98.683,19.604],[-98.663,19.662],[-98.633,19.7],[-98.609,19.761],[-98.616,19.826],[-98.633,19.829],[-98.704,19.822],[-98.788,19.807],[-98.848,19.803],[-98.867,19.769],[-98.889,19.753],[-98.917,19.706],[-98.952,19.71],[-98.952,19.744],[-98.96,19.767],[-98.986,19.811],[-98.978,19.831],[-98.942,19.851],[-98.908,19.854],[-98.894,19.939],[-98.875,19.965],[-98.864,20.015],[-98.882,20.066],[-98.906,20.069],[-98.956,20.052],[-99.015,20.016],[-99.15,19.988],[-99.17,19.976],[-99.178,19.951],[-99.176,19.9],[-99.181,19.859],[-99.192,19.834],[-99.219,19.805],[-99.275,19.836],[-99.304,19.843],[-99.3,19.793],[-99.311,19.759],[-99.325,19.741],[-99.365,19.727],[-99.355,19.815],[-99.371,19.841],[-99.371,19.866],[-99.399,19.891],[-99.412,19.938],[-99.444,19.96],[-99.461,19.985],[-99.433,20.023],[-99.484,20.107],[-99.494,20.141],[-99.519,20.151],[-99.525,20.172],[-99.599,20.178],[-99.68,20.189],[-99.71,20.198],[-99.755,20.232],[-99.792,20.24],[-99.815,20.255],[-99.862,20.307],[-99.853,20.329],[-99.853,20.389],[-99.845,20.447],[-99.822,20.553],[-99.759,20.572],[-99.723,20.598],[-99.691,20.598],[-99.662,20.611],[-99.606,20.625],[-99.574,20.647],[-99.546,20.657],[-99.513,20.685],[-99.513,20.705],[-99.539,20.741],[-99.538,20.761],[-99.519,20.793],[-99.492,20.857],[-99.479,20.869],[-99.446,20.873],[-99.413,20.918],[-99.396,20.965],[-99.395,21.001],[-99.382,21.032],[-99.361,21.059],[-99.377,21.087],[-99.372,21.101],[-99.325,21.129],[-99.306,21.154],[-99.258,21.128],[-99.212,21.139],[-99.159,21.165],[-99.117,21.166],[-99.094,21.176],[-99.078,21.198],[-99.07,21.232],[-99.045,21.272],[-99.042,21.294],[-98.982,21.317],[-98.952,21.322],[-98.917,21.27],[-98.907,21.232],[-98.853,21.191],[-98.81,21.192],[-98.764,21.256],[-98.719,21.232],[-98.703,21.273],[-98.666,21.343],[-98.648,21.368],[-98.603,21.412],[-98.536,21.411]]]},"properties":{"name":"Hidalgo"},"id":"MX-HID"},{"type":"Feature","geometry":{"type":"Polygon","coordinates":[[[-99.465,18.661],[-99.444,18.629],[-99.451,18.606],[-99.47,18.587],[-99.453,18.573],[-99.41,18.582],[-99.365,18.565],[-99.336,18.529],[-99.301,18.474],[-99.284,18.463],[-99.198,18.451],[-99.064,18.436],[-98.972,18.347],[-98.974,18.3],[-98.957,18.282],[-98.92,18.256],[-98.867,18.232],[-98.839,18.198],[-98.818,18.146],[-98.789,18.145],[-98.715,18.158],[-98.689,18.144],[-98.69,18.123],[-98.723,18.086],[-98.655,18.058],[-98.623,18.053],[-98.59,18.023],[-98.555,18.018],[-98.546,18.006],[-98.55,17.977],[-98.494,17.988],[-98.475,17.978],[-98.441,18.011],[-98.404,18.02],[-98.379,18.016],[-98.315,17.941],[-98.251,17.91],[-98.284,17.856],[-98.32,17.759],[-98.327,17.705],[-98.314,17.659],[-98.239,17.532],[-98.218,17.472],[-98.205,17.339],[-98.194,17.297],[-98.23,17.265],[-98.238,17.185],[-98.215,17.166],[-98.136,17.143],[-98.124,17.136],[-98.106,17.091],[-98.11,17.017],[-98.1,16.995],[-98.053,16.985],[-98.036,16.964],[-98.022,16.904],[-98.041,16.818],[-98.058,16.794],[-98.095,16.758],[-98.118,16.748],[-98.143,16.75],[-98.181,16.724],[-98.188,16.672],[-98.261,16.599],[-98.328,16.561],[-98.352,16.534],[-98.355,16.498],[-98.371,16.456],[-98.45,16.392],[-98.504,16.361],[-98.556,16.319],[-98.567,16.34],[-98.658,16.429],[-98.698,16.458],[-98.704,16.471],[-98.775,16.555],[-98.807,16.558],[-98.843,16.549],[-98.856,16.527],[-98.907,16.534],[-98.984,16.563],[-99.182,16.622],[-99.331,16.657],[-99.456,16.683],[-99.545,16.689],[-99.615,16.684],[-99.681,16.704],[-99.764,16.746],[-99.836,16.803],[-99.876,16.813],[-99.86,16.855],[-99.884,16.86],[-99.892,16.837],[-99.914,16.828],[-99.924,16.848],[-99.959,16.894],[-99.994,16.911],[-100.099,16.945],[-100.119,16.948],[-100.207,16.984],[-100.401,17.053],[-100.494,17.082],[-100.626,17.127],[-100.674,17.137],[-100.828,17.197],[-100.9,17.218],[-101.056,17.275],[-101.051,17.297],[-101.071,17.322],[-101.129,17.367],[-101.171,17.389],[-101.201,17.427],[-101.281,17.464],[-101.333,17.482],[-101.451,17.528],[-101.442,17.56],[-101.478,17.602],[-101.51,17.624],[-101.562,17.627],[-101.601,17.655],[-101.643,17.669],[-101.647,17.701],[-101.673,17.742],[-101.714,17.773],[-101.748,17.793],[-101.748,17.811],[-101.77,17.828],[-101.77,17.845],[-101.802,17.883],[-101.954,17.964],[-102.043,17.99],[-102.097,17.983],[-102.126,17.952],[-102.148,17.964],[-102.176,17.99],[-102.186,18.049],[-102.183,18.143],[-102.176,18.162],[-102.146,18.186],[-102.103,18.196],[-102.04,18.218],[-102.006,18.208],[-101.983,18.225],[-101.948,18.233],[-101.917,18.262],[-101.886,18.27],[-101.873,18.304],[-101.877,18.351],[-101.903,18.405],[-101.88,18.447],[-101.905,18.494],[-101.893,18.538],[-101.85,18.565],[-101.832,18.566],[-101.806,18.542],[-101.78,18.581],[-101.761,18.591],[-101.746,18.568],[-101.727,18.569],[-101.687,18.59],[-101.632,18.583],[-101.594,18.516],[-101.518,18.483],[-101.482,18.481],[-101.416,18.502],[-101.376,18.501],[-101.349,18.515],[-101.286,18.536],[-101.218,18.534],[-101.199,18.515],[-101.168,18.512],[-101.091,18.495],[-101.055,18.505],[-101.01,18.494],[-100.993,18.459],[-100.963,18.431],[-100.959,18.399],[-100.934,18.395],[-100.877,18.437],[-100.853,18.415],[-100.795,18.406],[-100.779,18.376],[-100.72,18.344],[-100.69,18.348],[-100.68,18.308],[-100.647,18.309],[-100.616,18.347],[-100.619,18.355],[-100.678,18.416],[-100.729,18.492],[-100.742,18.611],[-100.758,18.675],[-100.784,18.744],[-100.79,18.773],[-100.771,18.812],[-100.728,18.844],[-100.71,18.843],[-100.698,18.788],[-100.688,18.783],[-100.63,18.855],[-100.59,18.894],[-100.553,18.914],[-100.539,18.934],[-100.51,19.008],[-100.444,19.04],[-100.42,19.06],[-100.412,19.05],[-100.423,19.013],[-100.406,18.977],[-100.408,18.949],[-100.45,18.876],[-100.462,18.805],[-100.476,18.758],[-100.479,18.715],[-100.464,18.654],[-100.405,18.639],[-100.394,18.625],[-100.39,18.58],[-100.4,18.552],[-100.467,18.483],[-100.45,18.461],[-100.429,18.458],[-100.387,18.468],[-100.327,18.456],[-100.318,18.414],[-100.296,18.381],[-100.265,18.347],[-100.254,18.356],[-100.208,18.356],[-100.189,18.382],[-100.145,18.427],[-100.123,18.442],[-100.069,18.448],[-100.03,18.461],[-100.058,18.514],[-100.044,18.537],[-100.003,18.555],[-99.972,18.539],[-99.832,18.548],[-99.82,18.57],[-99.785,18.586],[-99.751,18.575],[-99.734,18.634],[-99.663,18.646],[-99.661,18.664],[-99.681,18.7],[-99.678,18.712],[-99.645,18.714],[-99.609,18.673],[-99.562,18.665],[-99.53,18.647],[-99.497,18.666],[-99.465,18.661]]]},"properties":{"name":"Guerrero"},"id":"MX-GRO"},{"type":"Feature","geometry":{"type":"Polygon","coordinates":[[[-99.782,21.515],[-99.762,21.497],[-99.769,21.456],[-99.766,21.419],[-99.801,21.38],[-99.812,21.348],[-99.722,21.332],[-99.713,21.325],[-99.714,21.281],[-99.725,21.252],[-99.743,21.227],[-99.801,21.202],[-99.823,21.164],[-99.867,21.157],[-99.894,21.174],[-99.936,21.223],[-99.997,21.202],[-100.024,21.175],[-100.051,21.122],[-100.087,21.077],[-100.083,21.022],[-100.11,20.962],[-100.142,20.98],[-100.152,20.973],[-100.151,20.939],[-100.178,20.924],[-100.24,20.937],[-100.286,20.938],[-100.346,20.912],[-100.392,20.917],[-100.427,20.903],[-100.449,20.913],[-100.529,20.901],[-100.558,20.848],[-100.572,20.802],[-100.584,20.705],[-100.578,20.677],[-100.54,20.65],[-100.514,20.584],[-100.52,20.506],[-100.514,20.483],[-100.471,20.413],[-100.435,20.384],[-100.39,20.359],[-100.361,20.297],[-100.379,20.255],[-100.372,20.229],[-100.355,20.211],[-100.351,20.161],[-100.371,20.107],[-100.338,20.082],[-100.347,20.056],[-100.395,20.012],[-100.477,20.002],[-100.506,19.972],[-100.525,19.919],[-100.551,19.932],[-100.537,19.969],[-100.557,19.978],[-100.597,19.962],[-100.634,19.96],[-100.675,19.924],[-100.827,19.928],[-100.879,19.952],[-100.982,19.968],[-101.006,19.956],[-101.021,20.055],[-101.026,20.067],[-101.115,20.044],[-101.153,20.062],[-101.192,20.048],[-101.183,20.008],[-101.232,19.988],[-101.304,20.016],[-101.346,20.017],[-101.406,20.025],[-101.425,20.044],[-101.429,20.135],[-101.425,20.166],[-101.438,20.185],[-101.443,20.231],[-101.402,20.212],[-101.377,20.222],[-101.382,20.237],[-101.43,20.29],[-101.474,20.318],[-101.505,20.319],[-101.531,20.309],[-101.556,20.324],[-101.64,20.297],[-101.683,20.228],[-101.72,20.192],[-101.757,20.203],[-101.808,20.205],[-101.845,20.198],[-101.864,20.214],[-101.911,20.188],[-101.943,20.191],[-101.961,20.208],[-101.973,20.253],[-101.974,20.29],[-101.988,20.316],[-101.974,20.331],[-101.996,20.349],[-102.019,20.347],[-102.032,20.367],[-102.066,20.369],[-102.055,20.416],[-102.051,20.473],[-102.013,20.537],[-102.005,20.567],[-101.98,20.602],[-101.986,20.624],[-102.043,20.71],[-102.108,20.727],[-102.134,20.764],[-102.13,20.776],[-102.095,20.798],[-102.05,20.849],[-102.045,20.881],[-102.001,20.909],[-101.95,20.968],[-101.935,21.023],[-101.897,21.085],[-101.873,21.108],[-101.832,21.127],[-101.797,21.156],[-101.776,21.216],[-101.752,21.258],[-101.757,21.282],[-101.736,21.31],[-101.718,21.319],[-101.677,21.313],[-101.66,21.328],[-101.633,21.379],[-101.666,21.396],[-101.642,21.455],[-101.642,21.478],[-101.67,21.483],[-101.618,21.676],[-101.614,21.715],[-101.6,21.738],[-101.567,21.766],[-101.596,21.797],[-101.56,21.838],[-101.547,21.845],[-101.509,21.822],[-101.493,21.829],[-101.476,21.857],[-101.43,21.832],[-101.363,21.831],[-101.313,21.82],[-101.263,21.793],[-101.215,21.783],[-101.153,21.763],[-101.078,21.753],[-101.029,21.726],[-100.986,21.727],[-100.95,21.711],[-100.86,21.637],[-100.788,21.588],[-100.735,21.557],[-100.678,21.535],[-100.569,21.536],[-100.508,21.558],[-100.513,21.6],[-100.491,21.646],[-100.489,21.669],[-100.471,21.688],[-100.446,21.696],[-100.413,21.684],[-100.356,21.672],[-100.303,21.647],[-100.29,21.648],[-100.22,21.606],[-100.181,21.577],[-100.165,21.573],[-100.154,21.548],[-100.135,21.551],[-100.113,21.521],[-100.067,21.471],[-99.994,21.478],[-99.979,21.498],[-99.952,21.467],[-99.887,21.465],[-99.819,21.491],[-99.782,21.515]]]},"properties":{"name":"Guanajuato"},"id":"MX-GUA"},{"type":"Feature","geometry":{"type":"Polygon","coordinates":[[[-103.868,26.746],[-103.84,26.723],[-103.721,26.695],[-103.672,26.652],[-103.639,26.609],[-103.588,26.571],[-103.547,26.533],[-103.523,26.486],[-103.492,26.39],[-103.493,26.352],[-103.51,26.284],[-103.503,26.234],[-103.479,26.192],[-103.436,26.092],[-103.452,26.009],[-103.445,25.938],[-103.421,25.882],[-103.397,25.805],[-103.397,25.776],[-103.421,25.723],[-103.435,25.706],[-103.445,25.664],[-103.487,25.634],[-103.543,25.556],[-103.547,25.525],[-103.52,25.495],[-103.467,25.486],[-103.435,25.441],[-103.459,25.431],[-103.525,25.425],[-103.553,25.407],[-103.579,25.376],[-103.569,25.341],[-103.554,25.261],[-103.53,25.23],[-103.484,25.184],[-103.468,25.131],[-103.459,25.121],[-103.362,25.051],[-103.339,24.976],[-103.341,24.937],[-103.316,24.906],[-103.28,24.886],[-103.264,24.862],[-103.212,24.835],[-103.172,24.828],[-103.127,24.804],[-103.106,24.808],[-103.016,24.798],[-102.932,24.749],[-102.905,24.757],[-102.894,24.776],[-102.909,24.809],[-102.913,24.838],[-102.893,24.916],[-102.87,24.953],[-102.761,25.023],[-102.748,25.027],[-102.734,25.008],[-102.737,24.958],[-102.703,24.936],[-102.688,24.895],[-102.627,24.87],[-102.604,24.855],[-102.595,24.836],[-102.612,24.786],[-102.609,24.725],[-102.627,24.657],[-102.614,24.646],[-102.579,24.64],[-102.57,24.599],[-102.538,24.494],[-102.577,24.475],[-102.558,24.447],[-102.563,24.422],[-102.593,24.416],[-102.706,24.411],[-102.805,24.4],[-102.846,24.412],[-102.872,24.409],[-102.903,24.376],[-102.965,24.392],[-103.009,24.408],[-103.049,24.433],[-103.094,24.437],[-103.131,24.418],[-103.183,24.408],[-103.273,24.433],[-103.351,24.437],[-103.394,24.435],[-103.428,24.443],[-103.451,24.437],[-103.497,24.393],[-103.516,24.344],[-103.612,24.277],[-103.661,24.226],[-103.694,24.173],[-103.784,24.095],[-103.811,24.081],[-103.88,24.068],[-103.89,24.057],[-103.89,24.02],[-103.858,24.001],[-103.844,23.941],[-103.856,23.879],[-103.841,23.81],[-103.859,23.766],[-103.843,23.696],[-103.822,23.633],[-103.824,23.609],[-103.876,23.562],[-103.936,23.519],[-104.007,23.45],[-104.028,23.413],[-104.032,23.343],[-104.06,23.248],[-104.084,23.13],[-104.108,23.117],[-104.115,23.085],[-104.163,23.016],[-104.166,22.968],[-104.132,22.854],[-104.128,22.777],[-104.139,22.717],[-104.138,22.649],[-104.148,22.625],[-104.257,22.587],[-104.276,22.572],[-104.317,22.516],[-104.33,22.473],[-104.363,22.403],[-104.409,22.379],[-104.481,22.355],[-104.491,22.341],[-104.496,22.304],[-104.516,22.302],[-104.562,22.337],[-104.588,22.344],[-104.607,22.368],[-104.626,22.421],[-104.726,22.51],[-104.794,22.526],[-104.809,22.539],[-104.827,22.574],[-104.85,22.591],[-104.895,22.524],[-104.904,22.495],[-104.936,22.464],[-104.964,22.465],[-104.989,22.496],[-105.049,22.617],[-105.052,22.635],[-105.036,22.658],[-104.984,22.7],[-104.916,22.733],[-104.892,22.766],[-104.897,22.811],[-104.943,22.811],[-104.964,22.824],[-104.971,22.885],[-104.999,22.921],[-105.048,22.917],[-105.07,22.921],[-105.124,22.943],[-105.16,22.973],[-105.184,23.008],[-105.206,23.009],[-105.242,22.961],[-105.309,22.948],[-105.33,22.963],[-105.355,22.998],[-105.397,23.045],[-105.482,23.126],[-105.506,23.128],[-105.54,23.106],[-105.57,23.103],[-105.622,23.111],[-105.646,23.159],[-105.644,23.213],[-105.665,23.267],[-105.7,23.292],[-105.717,23.32],[-105.729,23.356],[-105.719,23.39],[-105.741,23.46],[-105.761,23.498],[-105.772,23.551],[-105.778,23.601],[-105.791,23.618],[-105.847,23.662],[-105.883,23.735],[-105.926,23.78],[-105.943,23.821],[-105.951,23.888],[-105.98,23.927],[-106.011,24.022],[-106.001,24.055],[-106.042,24.089],[-106.045,24.17],[-106.057,24.189],[-106.09,24.214],[-106.115,24.253],[-106.121,24.292],[-106.133,24.302],[-106.164,24.302],[-106.199,24.352],[-106.257,24.387],[-106.32,24.406],[-106.419,24.43],[-106.445,24.392],[-106.474,24.381],[-106.495,24.357],[-106.544,24.333],[-106.557,24.314],[-106.61,24.308],[-106.638,24.287],[-106.666,24.305],[-106.699,24.299],[-106.71,24.317],[-106.723,24.37],[-106.762,24.422],[-106.77,24.491],[-106.792,24.536],[-106.794,24.573],[-106.825,24.567],[-106.848,24.574],[-106.853,24.615],[-106.896,24.737],[-106.949,24.748],[-106.984,24.843],[-107.052,24.843],[-107.076,24.852],[-107.11,24.84],[-107.145,24.87],[-107.132,24.923],[-107.185,25.016],[-107.21,25.033],[-107.229,25.099],[-107.269,25.122],[-107.249,25.193],[-107.24,25.301],[-107.246,25.379],[-107.216,25.456],[-107.193,25.495],[-107.239,25.543],[-107.224,25.573],[-107.169,25.623],[-107.122,25.652],[-107.128,25.678],[-107.157,25.672],[-107.159,25.697],[-107.147,25.72],[-107.076,25.749],[-107.055,25.748],[-107.042,25.7],[-106.999,25.677],[-106.979,25.674],[-106.952,25.688],[-106.935,25.684],[-106.914,25.654],[-106.834,25.641],[-106.807,25.598],[-106.768,25.595],[-106.732,25.646],[-106.674,25.677],[-106.591,25.744],[-106.513,25.846],[-106.507,25.868],[-106.515,25.905],[-106.531,25.937],[-106.569,25.993],[-106.555,26.03],[-106.516,26.102],[-106.501,26.137],[-106.464,26.146],[-106.461,26.174],[-106.479,26.224],[-106.462,26.237],[-106.422,26.231],[-106.415,26.248],[-106.422,26.28],[-106.388,26.311],[-106.326,26.332],[-106.296,26.363],[-106.295,26.402],[-106.339,26.42],[-106.345,26.436],[-106.316,26.469],[-106.309,26.491],[-106.311,26.549],[-106.286,26.622],[-106.274,26.67],[-106.249,26.687],[-106.251,26.753],[-106.203,26.76],[-106.181,26.774],[-106.172,26.82],[-106.142,26.84],[-106.115,26.808],[-106.064,26.805],[-106.019,26.784],[-105.988,26.761],[-105.946,26.753],[-105.935,26.719],[-105.887,26.668],[-105.857,26.658],[-105.846,26.637],[-105.812,26.625],[-105.768,26.629],[-105.705,26.58],[-105.666,26.58],[-105.636,26.541],[-105.597,26.553],[-105.561,26.542],[-105.541,26.497],[-105.526,26.483],[-105.475,26.492],[-105.436,26.477],[-105.413,26.475],[-105.388,26.455],[-105.337,26.488],[-105.32,26.469],[-105.297,26.472],[-105.277,26.493],[-105.213,26.518],[-105.213,26.557],[-105.191,26.555],[-105.161,26.531],[-105.112,26.519],[-105.011,26.528],[-104.99,26.515],[-104.933,26.46],[-104.865,26.417],[-104.826,26.41],[-104.756,26.442],[-104.687,26.435],[-104.67,26.444],[-104.66,26.471],[-104.669,26.52],[-104.638,26.577],[-104.594,26.63],[-104.534,26.65],[-104.51,26.671],[-104.488,26.704],[-104.456,26.712],[-104.407,26.712],[-104.388,26.718],[-104.385,26.754],[-104.447,26.758],[-104.466,26.782],[-104.454,26.809],[-104.424,26.82],[-104.369,26.788],[-104.312,26.78],[-104.285,26.744],[-104.227,26.734],[-104.193,26.763],[-104.16,26.743],[-104.132,26.742],[-104.086,26.764],[-104.004,26.78],[-103.972,26.776],[-103.912,26.737],[-103.868,26.746]]]},"properties":{"name":"Durango"},"id":"MX-DUR"},{"type":"Feature","geometry":{"type":"Polygon","coordinates":[[[-98.865,19.071],[-98.903,19.072],[-98.997,19.044],[-99.033,19.074],[-99.058,19.07],[-99.117,19.028],[-99.164,19.073],[-99.217,19.064],[-99.236,19.086],[-99.282,19.161],[-99.295,19.19],[-99.322,19.23],[-99.326,19.267],[-99.304,19.295],[-99.255,19.33],[-99.227,19.343],[-99.199,19.371],[-99.177,19.446],[-99.126,19.498],[-99.104,19.529],[-99.074,19.526],[-99.076,19.486],[-99.042,19.459],[-99.013,19.413],[-98.994,19.355],[-98.982,19.337],[-98.924,19.301],[-98.909,19.286],[-98.906,19.245],[-98.877,19.245],[-98.868,19.226],[-98.854,19.166],[-98.856,19.13],[-98.873,19.103],[-98.865,19.071]]]},"properties":{"name":"Ciudad de México"},"id":"MX-CMX"},{"type":"Feature","geometry":{"type":"Polygon","coordinates":[[[-103.493,18.959],[-103.543,18.908],[-103.571,18.895],[-103.591,18.873],[-103.632,18.885],[-103.647,18.875],[-103.641,18.846],[-103.646,18.807],[-103.656,18.792],[-103.72,18.762],[-103.747,18.697],[-103.794,18.741],[-103.862,18.791],[-103.955,18.848],[-103.968,18.863],[-104.059,18.908],[-104.099,18.933],[-104.174,18.968],[-104.314,19.018],[-104.335,19.02],[-104.329,19.052],[-104.311,19.053],[-104.305,19.077],[-104.323,19.097],[-104.367,19.12],[-104.416,19.105],[-104.441,19.084],[-104.451,19.108],[-104.521,19.136],[-104.596,19.15],[-104.701,19.182],[-104.68,19.201],[-104.639,19.195],[-104.59,19.208],[-104.558,19.259],[-104.544,19.267],[-104.51,19.262],[-104.498,19.249],[-104.476,19.253],[-104.466,19.276],[-104.422,19.307],[-104.4,19.292],[-104.361,19.306],[-104.309,19.304],[-104.25,19.326],[-104.199,19.311],[-104.153,19.322],[-104.118,19.354],[-104.082,19.363],[-104.067,19.389],[-104.03,19.41],[-104.0,19.414],[-103.9,19.398],[-103.844,19.406],[-103.715,19.469],[-103.661,19.515],[-103.615,19.561],[-103.59,19.556],[-103.571,19.446],[-103.578,19.408],[-103.571,19.395],[-103.539,19.376],[-103.53,19.347],[-103.488,19.328],[-103.502,19.3],[-103.508,19.26],[-103.507,19.217],[-103.498,19.187],[-103.505,19.142],[-103.527,19.092],[-103.52,19.07],[-103.495,19.033],[-103.488,19.001],[-103.493,18.959]]]},"properties":{"name":"Colima"},"id":"MX-COL"},{"type":"Feature","geometry":{"type":"Polygon","coordinates":[[[-99.843,27.765],[-99.853,27.743],[-99.897,27.715],[-99.935,27.713],[-100.012,27.667],[-100.039,27.666],[-100.104,27.683],[-100.181,27.684],[-100.232,27.7],[-100.303,27.691],[-100.379,27.691],[-100.424,27.668],[-100.43,27.632],[-100.446,27.585],[-100.513,27.492],[-100.525,27.464],[-100.515,27.4],[-100.519,27.383],[-100.544,27.365],[-100.633,27.369],[-100.676,27.357],[-100.717,27.337],[-100.765,27.35],[-100.812,27.313],[-100.844,27.276],[-100.885,27.207],[-100.885,27.135],[-100.875,27.087],[-100.763,27.013],[-100.739,27.015],[-100.725,27.097],[-100.711,27.126],[-100.686,27.124],[-100.655,27.098],[-100.619,27.085],[-100.604,27.071],[-100.605,27.006],[-100.596,26.946],[-100.586,26.913],[-100.587,26.887],[-100.617,26.837],[-100.621,26.807],[-100.663,26.78],[-100.676,26.749],[-100.693,26.737],[-100.708,26.701],[-100.836,26.702],[-100.856,26.697],[-100.94,26.641],[-101.043,26.642],[-101.081,26.631],[-101.115,26.599],[-101.138,26.539],[-101.157,26.501],[-101.234,26.438],[-101.254,26.414],[-101.261,26.381],[-101.15,26.28],[-101.071,26.195],[-100.964,26.122],[-100.954,26.103],[-100.922,26.01],[-100.894,25.995],[-100.865,25.968],[-100.83,25.966],[-100.815,25.942],[-100.836,25.91],[-100.855,25.837],[-100.845,25.748],[-100.811,25.684],[-100.767,25.679],[-100.734,25.655],[-100.649,25.652],[-100.635,25.639],[-100.633,25.61],[-100.612,25.515],[-100.58,25.484],[-100.498,25.451],[-100.449,25.416],[-100.469,25.378],[-100.386,25.359],[-100.344,25.362],[-100.325,25.355],[-100.305,25.326],[-100.27,25.315],[-100.254,25.28],[-100.284,25.248],[-100.29,25.206],[-100.304,25.199],[-100.382,25.2],[-100.414,25.213],[-100.451,25.215],[-100.518,25.232],[-100.54,25.246],[-100.57,25.287],[-100.639,25.294],[-100.677,25.282],[-100.666,25.253],[-100.737,25.232],[-100.772,25.163],[-100.8,25.133],[-100.805,25.115],[-100.769,25.009],[-100.776,24.983],[-100.766,24.93],[-100.774,24.916],[-100.845,24.918],[-100.876,24.9],[-100.865,24.87],[-100.878,24.826],[-100.871,24.814],[-100.823,24.77],[-100.818,24.719],[-100.798,24.697],[-100.792,24.674],[-100.818,24.619],[-100.832,24.555],[-100.847,24.563],[-100.917,24.572],[-100.947,24.56],[-100.954,24.532],[-101.011,24.518],[-101.095,24.548],[-101.118,24.561],[-101.15,24.596],[-101.184,24.651],[-101.207,24.705],[-101.227,24.733],[-101.276,24.763],[-101.34,24.774],[-101.395,24.776],[-101.431,24.765],[-101.485,24.757],[-101.522,24.726],[-101.605,24.722],[-101.635,24.726],[-101.642,24.738],[-101.644,24.782],[-101.66,24.856],[-101.706,24.867],[-101.744,24.851],[-101.765,24.852],[-101.851,24.965],[-101.929,25.025],[-101.963,25.04],[-102.029,25.06],[-102.131,25.122],[-102.16,25.128],[-102.252,25.125],[-102.374,25.141],[-102.471,25.148],[-102.507,25.145],[-102.546,25.13],[-102.58,25.128],[-102.656,25.11],[-102.722,25.106],[-102.747,25.086],[-102.748,25.027],[-102.761,25.023],[-102.87,24.953],[-102.893,24.916],[-102.913,24.838],[-102.909,24.809],[-102.894,24.776],[-102.905,24.757],[-102.932,24.749],[-103.016,24.798],[-103.106,24.808],[-103.127,24.804],[-103.172,24.828],[-103.212,24.835],[-103.264,24.862],[-103.28,24.886],[-103.316,24.906],[-103.341,24.937],[-103.339,24.976],[-103.362,25.051],[-103.459,25.121],[-103.468,25.131],[-103.484,25.184],[-103.53,25.23],[-103.554,25.261],[-103.569,25.341],[-103.579,25.376],[-103.553,25.407],[-103.525,25.425],[-103.459,25.431],[-103.435,25.441],[-103.467,25.486],[-103.52,25.495],[-103.547,25.525],[-103.543,25.556],[-103.487,25.634],[-103.445,25.664],[-103.435,25.706],[-103.421,25.723],[-103.397,25.776],[-103.397,25.805],[-103.421,25.882],[-103.445,25.938],[-103.452,26.009],[-103.436,26.092],[-103.479,26.192],[-103.503,26.234],[-103.51,26.284],[-103.493,26.352],[-103.492,26.39],[-103.523,26.486],[-103.547,26.533],[-103.588,26.571],[-103.639,26.609],[-103.672,26.652],[-103.721,26.695],[-103.84,26.723],[-103.868,26.746],[-103.912,26.811],[-103.939,26.835],[-103.984,26.86],[-103.998,26.88],[-103.994,26.926],[-104.006,26.963],[-103.964,26.973],[-103.934,26.988],[-103.892,27.024],[-103.846,27.025],[-103.829,27.08],[-103.902,27.108],[-103.924,27.133],[-103.933,27.305],[-103.96,27.436],[-103.941,27.477],[-103.954,27.544],[-103.999,27.562],[-104.031,27.723],[-103.988,27.764],[-103.994,27.789],[-104.022,27.817],[-103.999,27.846],[-103.997,27.876],[-104.025,27.905],[-104.027,27.927],[-103.984,27.931],[-103.952,27.94],[-103.938,27.957],[-103.939,27.982],[-103.957,28.009],[-104.002,28.015],[-104.002,28.07],[-103.931,28.045],[-103.907,28.059],[-103.887,28.097],[-103.883,28.127],[-103.868,28.16],[-103.814,28.251],[-103.801,28.3],[-103.769,28.333],[-103.763,28.349],[-103.798,28.399],[-103.776,28.438],[-103.745,28.472],[-103.703,28.53],[-103.685,28.571],[-103.672,28.581],[-103.62,28.593],[-103.563,28.632],[-103.544,28.664],[-103.529,28.709],[-103.494,28.773],[-103.466,28.785],[-103.433,28.774],[-103.397,28.829],[-103.407,28.845],[-103.475,28.866],[-103.476,28.879],[-103.424,28.955],[-103.404,29.002],[-103.385,29.024],[-103.341,29.022],[-103.251,28.98],[-103.232,28.988],[-103.187,28.984],[-103.153,28.971],[-103.117,28.983],[-103.105,29.036],[-103.086,29.055],[-103.075,29.093],[-103.042,29.096],[-102.998,29.157],[-102.998,29.178],[-102.973,29.186],[-102.918,29.193],[-102.912,29.218],[-102.886,29.21],[-102.868,29.222],[-102.876,29.245],[-102.908,29.261],[-102.891,29.289],[-102.881,29.336],[-102.884,29.351],[-102.843,29.358],[-102.846,29.37],[-102.818,29.402],[-102.833,29.41],[-102.831,29.442],[-102.816,29.481],[-102.803,29.486],[-102.808,29.523],[-102.779,29.543],[-102.766,29.597],[-102.744,29.593],[-102.741,29.636],[-102.694,29.675],[-102.699,29.689],[-102.688,29.722],[-102.665,29.737],[-102.627,29.736],[-102.572,29.756],[-102.547,29.745],[-102.513,29.765],[-102.481,29.776],[-102.434,29.775],[-102.409,29.765],[-102.381,29.787],[-102.364,29.844],[-102.321,29.878],[-102.301,29.876],[-102.265,29.854],[-102.196,29.837],[-102.18,29.841],[-102.14,29.801],[-102.115,29.792],[-102.059,29.786],[-101.997,29.807],[-101.962,29.797],[-101.881,29.796],[-101.824,29.809],[-101.754,29.777],[-101.692,29.77],[-101.65,29.755],[-101.63,29.768],[-101.573,29.774],[-101.57,29.794],[-101.537,29.8],[-101.538,29.759],[-101.509,29.764],[-101.459,29.789],[-101.451,29.752],[-101.416,29.753],[-101.398,29.733],[-101.4,29.717],[-101.379,29.703],[-101.366,29.654],[-101.317,29.661],[-101.302,29.64],[-101.313,29.587],[-101.289,29.571],[-101.278,29.594],[-101.28,29.618],[-101.249,29.625],[-101.243,29.569],[-101.263,29.531],[-101.251,29.519],[-101.203,29.521],[-101.174,29.513],[-101.152,29.476],[-101.094,29.472],[-101.064,29.459],[-101.012,29.371],[-100.939,29.331],[-100.889,29.308],[-100.877,29.28],[-100.799,29.245],[-100.768,29.186],[-100.778,29.172],[-100.739,29.149],[-100.738,29.138],[-100.683,29.109],[-100.667,29.078],[-100.662,29.034],[-100.649,28.983],[-100.653,28.947],[-100.632,28.919],[-100.605,28.901],[-100.594,28.864],[-100.576,28.849],[-100.578,28.831],[-100.551,28.827],[-100.538,28.805],[-100.534,28.759],[-100.509,28.738],[-100.513,28.695],[-100.502,28.663],[-100.449,28.64],[-100.449,28.611],[-100.398,28.584],[-100.413,28.545],[-100.388,28.515],[-100.338,28.502],[-100.369,28.482],[-100.341,28.448],[-100.338,28.433],[-100.351,28.4],[-100.291,28.315],[-100.292,28.277],[-100.254,28.237],[-100.223,28.234],[-100.211,28.195],[-100.169,28.172],[-100.139,28.167],[-100.086,28.147],[-100.057,28.108],[-100.051,28.083],[-100.018,28.067],[-100.011,28.03],[-99.978,27.988],[-99.941,27.984],[-99.942,27.945],[-99.924,27.921],[-99.902,27.91],[-99.91,27.873],[-99.881,27.836],[-99.881,27.798],[-99.855,27.794],[-99.843,27.765]]]},"properties":{"name":"Coahuila"},"id":"MX-COA"},{"type":"Feature","geometry":{"type":"Polygon","coordinates":[[[-103.385,29.024],[-103.404,29.002],[-103.424,28.955],[-103.476,28.879],[-103.475,28.866],[-103.407,28.845],[-103.397,28.829],[-103.433,28.774],[-103.466,28.785],[-103.494,28.773],[-103.529,28.709],[-103.544,28.664],[-103.563,28.632],[-103.62,28.593],[-103.672,28.581],[-103.685,28.571],[-103.703,28.53],[-103.745,28.472],[-103.776,28.438],[-103.798,28.399],[-103.763,28.349],[-103.769,28.333],[-103.801,28.3],[-103.814,28.251],[-103.868,28.16],[-103.883,28.127],[-103.887,28.097],[-103.907,28.059],[-103.931,28.045],[-104.002,28.07],[-104.002,28.015],[-103.957,28.009],[-103.939,27.982],[-103.938,27.957],[-103.952,27.94],[-103.984,27.931],[-104.027,27.927],[-104.025,27.905],[-103.997,27.876],[-103.999,27.846],[-104.022,27.817],[-103.994,27.789],[-103.988,27.764],[-104.031,27.723],[-103.999,27.562],[-103.954,27.544],[-103.941,27.477],[-103.96,27.436],[-103.933,27.305],[-103.924,27.133],[-103.902,27.108],[-103.829,27.08],[-103.846,27.025],[-103.892,27.024],[-103.934,26.988],[-103.964,26.973],[-104.006,26.963],[-103.994,26.926],[-103.998,26.88],[-103.984,26.86],[-103.939,26.835],[-103.912,26.811],[-103.868,26.746],[-103.912,26.737],[-103.972,26.776],[-104.004,26.78],[-104.086,26.764],[-104.132,26.742],[-104.16,26.743],[-104.193,26.763],[-104.227,26.734],[-104.285,26.744],[-104.312,26.78],[-104.369,26.788],[-104.424,26.82],[-104.454,26.809],[-104.466,26.782],[-104.447,26.758],[-104.385,26.754],[-104.388,26.718],[-104.407,26.712],[-104.456,26.712],[-104.488,26.704],[-104.51,26.671],[-104.534,26.65],[-104.594,26.63],[-104.638,26.577],[-104.669,26.52],[-104.66,26.471],[-104.67,26.444],[-104.687,26.435],[-104.756,26.442],[-104.826,26.41],[-104.865,26.417],[-104.933,26.46],[-104.99,26.515],[-105.011,26.528],[-105.112,26.519],[-105.161,26.531],[-105.191,26.555],[-105.213,26.557],[-105.213,26.518],[-105.277,26.493],[-105.297,26.472],[-105.32,26.469],[-105.337,26.488],[-105.388,26.455],[-105.413,26.475],[-105.436,26.477],[-105.475,26.492],[-105.526,26.483],[-105.541,26.497],[-105.561,26.542],[-105.597,26.553],[-105.636,26.541],[-105.666,26.58],[-105.705,26.58],[-105.768,26.629],[-105.812,26.625],[-105.846,26.637],[-105.857,26.658],[-105.887,26.668],[-105.935,26.719],[-105.946,26.753],[-105.988,26.761],[-106.019,26.784],[-106.064,26.805],[-106.115,26.808],[-106.142,26.84],[-106.172,26.82],[-106.181,26.774],[-106.203,26.76],[-106.251,26.753],[-106.249,26.687],[-106.274,26.67],[-106.286,26.622],[-106.311,26.549],[-106.309,26.491],[-106.316,26.469],[-106.345,26.436],[-106.339,26.42],[-106.295,26.402],[-106.296,26.363],[-106.326,26.332],[-106.388,26.311],[-106.422,26.28],[-106.415,26.248],[-106.422,26.231],[-106.462,26.237],[-106.479,26.224],[-106.461,26.174],[-106.464,26.146],[-106.501,26.137],[-106.516,26.102],[-106.555,26.03],[-106.569,25.993],[-106.531,25.937],[-106.515,25.905],[-106.507,25.868],[-106.513,25.846],[-106.591,25.744],[-106.674,25.677],[-106.732,25.646],[-106.768,25.595],[-106.807,25.598],[-106.834,25.641],[-106.914,25.654],[-106.935,25.684],[-106.952,25.688],[-106.979,25.674],[-106.999,25.677],[-107.042,25.7],[-107.055,25.748],[-107.076,25.749],[-107.147,25.72],[-107.159,25.697],[-107.245,25.797],[-107.254,25.831],[-107.261,25.889],[-107.269,25.914],[-107.316,25.978],[-107.384,26.091],[-107.401,26.102],[-107.478,26.116],[-107.566,26.121],[-107.606,26.127],[-107.746,26.157],[-107.758,26.168],[-107.776,26.221],[-107.791,26.3],[-107.807,26.336],[-107.845,26.402],[-107.931,26.517],[-107.926,26.555],[-107.947,26.599],[-107.99,26.617],[-108.003,26.656],[-107.984,26.693],[-107.983,26.728],[-108.003,26.758],[-107.987,26.839],[-108.012,26.877],[-108.029,26.923],[-108.078,26.913],[-108.103,26.922],[-108.111,26.962],[-108.1,27.007],[-108.108,27.026],[-108.135,27.04],[-108.198,27.041],[-108.252,27.034],[-108.33,27.032],[-108.4,27.046],[-108.436,27.032],[-108.481,27.024],[-108.529,27.046],[-108.596,27.071],[-108.623,27.089],[-108.622,27.106],[-108.593,27.121],[-108.592,27.142],[-108.611,27.198],[-108.612,27.244],[-108.587,27.281],[-108.562,27.356],[-108.558,27.4],[-108.563,27.417],[-108.628,27.562],[-108.667,27.613],[-108.679,27.66],[-108.692,27.687],[-108.761,27.733],[-108.805,27.748],[-108.826,27.771],[-108.821,27.797],[-108.797,27.858],[-108.812,27.917],[-108.858,27.961],[-108.896,28.023],[-108.953,28.038],[-108.984,28.073],[-108.979,28.122],[-108.96,28.147],[-108.961,28.171],[-109.023,28.209],[-109.031,28.23],[-108.989,28.28],[-108.888,28.297],[-108.83,28.327],[-108.799,28.322],[-108.729,28.276],[-108.709,28.277],[-108.653,28.314],[-108.607,28.318],[-108.568,28.361],[-108.531,28.365],[-108.507,28.407],[-108.597,28.437],[-108.64,28.472],[-108.659,28.501],[-108.661,28.52],[-108.639,28.577],[-108.642,28.603],[-108.67,28.642],[-108.675,28.672],[-108.668,28.709],[-108.625,28.785],[-108.62,28.811],[-108.64,28.894],[-108.628,28.919],[-108.607,28.939],[-108.605,28.956],[-108.624,28.994],[-108.625,29.028],[-108.616,29.042],[-108.566,29.073],[-108.569,29.13],[-108.562,29.167],[-108.551,29.178],[-108.507,29.191],[-108.495,29.209],[-108.502,29.272],[-108.499,29.299],[-108.505,29.407],[-108.499,29.439],[-108.467,29.472],[-108.464,29.498],[-108.47,29.537],[-108.466,29.563],[-108.487,29.662],[-108.486,29.715],[-108.496,29.752],[-108.5,29.798],[-108.523,29.813],[-108.546,29.814],[-108.559,29.849],[-108.544,29.9],[-108.542,29.994],[-108.505,30.078],[-108.485,30.11],[-108.485,30.148],[-108.543,30.194],[-108.549,30.228],[-108.515,30.247],[-108.503,30.271],[-108.504,30.309],[-108.532,30.405],[-108.553,30.436],[-108.552,30.465],[-108.582,30.523],[-108.579,30.564],[-108.587,30.583],[-108.623,30.614],[-108.627,30.642],[-108.601,30.698],[-108.607,30.711],[-108.642,30.73],[-108.648,30.758],[-108.646,30.813],[-108.691,30.848],[-108.701,30.865],[-108.731,30.877],[-108.755,30.905],[-108.754,30.926],[-108.691,30.928],[-108.684,30.947],[-108.692,30.991],[-108.672,31.035],[-108.681,31.09],[-108.698,31.125],[-108.747,31.187],[-108.768,31.253],[-108.729,31.286],[-108.73,31.297],[-108.772,31.333],[-108.41,31.334],[-108.209,31.334],[-108.209,31.784],[-107.464,31.784],[-106.529,31.784],[-106.528,31.774],[-106.489,31.748],[-106.425,31.752],[-106.385,31.733],[-106.306,31.628],[-106.281,31.56],[-106.25,31.546],[-106.221,31.483],[-106.205,31.465],[-106.173,31.455],[-106.143,31.43],[-106.11,31.424],[-106.077,31.398],[-106.005,31.392],[-105.977,31.37],[-105.955,31.364],[-105.947,31.332],[-105.931,31.313],[-105.909,31.314],[-105.894,31.291],[-105.873,31.291],[-105.796,31.204],[-105.776,31.171],[-105.725,31.155],[-105.708,31.136],[-105.648,31.116],[-105.645,31.104],[-105.602,31.081],[-105.583,31.046],[-105.582,31.026],[-105.553,30.988],[-105.506,30.968],[-105.491,30.942],[-105.417,30.901],[-105.395,30.87],[-105.401,30.854],[-105.362,30.849],[-105.321,30.828],[-105.293,30.826],[-105.256,30.797],[-105.221,30.805],[-105.197,30.792],[-105.162,30.753],[-105.114,30.747],[-105.114,30.733],[-105.088,30.717],[-105.082,30.7],[-105.048,30.682],[-105.011,30.687],[-104.989,30.662],[-104.979,30.617],[-104.933,30.602],[-104.899,30.567],[-104.868,30.493],[-104.868,30.443],[-104.849,30.417],[-104.857,30.387],[-104.812,30.362],[-104.821,30.351],[-104.78,30.307],[-104.761,30.296],[-104.764,30.277],[-104.732,30.262],[-104.71,30.239],[-104.706,30.209],[-104.691,30.184],[-104.687,30.142],[-104.698,30.132],[-104.686,30.097],[-104.707,30.049],[-104.692,30.018],[-104.693,29.98],[-104.676,29.955],[-104.688,29.94],[-104.678,29.903],[-104.634,29.871],[-104.609,29.819],[-104.589,29.804],[-104.567,29.767],[-104.57,29.753],[-104.551,29.73],[-104.537,29.668],[-104.469,29.621],[-104.468,29.611],[-104.398,29.572],[-104.382,29.543],[-104.338,29.522],[-104.309,29.524],[-104.267,29.517],[-104.21,29.477],[-104.215,29.454],[-104.196,29.443],[-104.166,29.395],[-104.109,29.375],[-104.085,29.348],[-104.053,29.329],[-103.974,29.297],[-103.928,29.296],[-103.917,29.286],[-103.854,29.283],[-103.775,29.25],[-103.718,29.182],[-103.659,29.172],[-103.649,29.158],[-103.61,29.164],[-103.597,29.153],[-103.555,29.159],[-103.503,29.117],[-103.49,29.095],[-103.452,29.071],[-103.432,29.045],[-103.385,29.024]]]},"properties":{"name":"Chihuahua"},"id":"MX-CHH"},{"type":"Feature","geometry":{"type":"MultiPolygon","coordinates":[[[[-94.108,16.053],[-94.101,16.078],[-94.087,16.094],[-94.062,16.07],[-94.057,16.049],[-94.108,16.053]]],[[[-94.123,16.222],[-94.128,16.32],[-94.107,16.376],[-94.117,16.414],[-94.157,16.489],[-94.154,16.522],[-94.087,16.706],[-94.081,16.732],[-94.06,16.774],[-93.98,16.832],[-93.949,16.865],[-93.937,16.9],[-93.917,16.999],[-93.886,17.039],[-93.883,17.081],[-93.887,17.115],[-93.874,17.152],[-93.856,17.18],[-93.836,17.195],[-93.758,17.228],[-93.696,17.285],[-93.628,17.322],[-93.61,17.339],[-93.592,17.354],[-93.509,17.461],[-93.506,17.523],[-93.469,17.559],[-93.451,17.594],[-93.403,17.625],[-93.379,17.669],[-93.365,17.738],[-93.367,17.828],[-93.352,17.867],[-93.356,17.922],[-93.349,17.94],[-93.314,17.954],[-93.283,17.951],[-93.261,17.974],[-93.206,17.944],[-93.176,17.942],[-93.154,17.924],[-93.12,17.877],[-93.089,17.863],[-93.047,17.862],[-92.995,17.872],[-92.977,17.847],[-92.992,17.802],[-93.027,17.744],[-93.048,17.721],[-93.054,17.698],[-93.039,17.663],[-93.018,17.636],[-92.979,17.613],[-92.957,17.579],[-92.959,17.537],[-92.969,17.508],[-92.904,17.497],[-92.887,17.511],[-92.848,17.485],[-92.831,17.442],[-92.817,17.429],[-92.815,17.404],[-92.789,17.37],[-92.757,17.358],[-92.73,17.361],[-92.68,17.391],[-92.584,17.477],[-92.503,17.524],[-92.436,17.574],[-92.351,17.641],[-92.328,17.673],[-92.287,17.694],[-92.197,17.718],[-92.181,17.748],[-92.183,17.775],[-92.198,17.815],[-92.177,17.843],[-92.162,17.845],[-92.106,17.825],[-92.028,17.826],[-92.018,17.841],[-92,17.896],[-91.942,17.883],[-91.947,17.86],[-91.925,17.848],[-91.901,17.865],[-91.854,17.858],[-91.805,17.869],[-91.782,17.848],[-91.763,17.817],[-91.755,17.776],[-91.761,17.74],[-91.718,17.713],[-91.689,17.714],[-91.659,17.692],[-91.635,17.613],[-91.608,17.565],[-91.616,17.523],[-91.637,17.485],[-91.638,17.463],[-91.62,17.45],[-91.57,17.441],[-91.534,17.443],[-91.464,17.417],[-91.457,17.385],[-91.404,17.371],[-91.36,17.303],[-91.391,17.292],[-91.412,17.253],[-91.438,17.25],[-91.415,17.212],[-91.385,17.214],[-91.362,17.199],[-91.346,17.171],[-91.312,17.184],[-91.275,17.172],[-91.276,17.14],[-91.255,17.112],[-91.23,17.102],[-91.217,17.065],[-91.172,17.021],[-91.13,17.012],[-91.118,16.972],[-91.063,16.92],[-91.058,16.895],[-91.005,16.88],[-90.984,16.856],[-90.929,16.85],[-90.919,16.817],[-90.878,16.817],[-90.843,16.79],[-90.798,16.793],[-90.797,16.771],[-90.756,16.757],[-90.748,16.743],[-90.711,16.723],[-90.699,16.696],[-90.679,16.685],[-90.672,16.655],[-90.656,16.639],[-90.652,16.593],[-90.657,16.573],[-90.644,16.555],[-90.642,16.515],[-90.609,16.519],[-90.605,16.497],[-90.577,16.466],[-90.543,16.47],[-90.519,16.454],[-90.497,16.465],[-90.475,16.44],[-90.481,16.421],[-90.413,16.421],[-90.393,16.376],[-90.408,16.362],[-90.394,16.342],[-90.429,16.307],[-90.436,16.282],[-90.422,16.268],[-90.431,16.231],[-90.453,16.206],[-90.444,16.181],[-90.421,16.165],[-90.447,16.148],[-90.455,16.105],[-90.441,16.07],[-90.975,16.074],[-91.059,16.072],[-91.423,16.078],[-91.725,16.081],[-91.859,15.855],[-91.976,15.656],[-92.078,15.486],[-92.12,15.42],[-92.214,15.266],[-92.06,15.071],[-92.078,15.037],[-92.1,15.009],[-92.134,15.012],[-92.148,14.984],[-92.149,14.943],[-92.142,14.888],[-92.184,14.834],[-92.163,14.766],[-92.171,14.753],[-92.149,14.711],[-92.148,14.668],[-92.177,14.622],[-92.176,14.599],[-92.192,14.562],[-92.226,14.535],[-92.257,14.559],[-92.348,14.647],[-92.404,14.693],[-92.428,14.728],[-92.483,14.781],[-92.491,14.783],[-92.743,15.04],[-92.754,15.055],[-92.844,15.142],[-92.847,15.175],[-92.879,15.182],[-92.999,15.294],[-93.046,15.341],[-93.156,15.437],[-93.325,15.59],[-93.496,15.72],[-93.543,15.757],[-93.692,15.861],[-93.785,15.92],[-93.831,15.946],[-93.901,15.979],[-93.938,15.991],[-93.927,16.006],[-93.897,16.009],[-93.885,15.985],[-93.86,15.996],[-93.855,16.014],[-93.871,16.049],[-93.9,16.085],[-93.937,16.094],[-93.985,16.095],[-94.008,16.109],[-94.034,16.107],[-94.085,16.124],[-94.114,16.159],[-94.123,16.222]]]]},"properties":{"name":"Chiapas"},"id":"MX-CHP"},{"type":"Feature","geometry":{"type":"MultiPolygon","coordinates":[[[[-91.531,18.779],[-91.511,18.749],[-91.538,18.726],[-91.56,18.718],[-91.602,18.739],[-91.602,18.714],[-91.648,18.674],[-91.668,18.663],[-91.69,18.689],[-91.701,18.667],[-91.732,18.662],[-91.747,18.648],[-91.786,18.634],[-91.799,18.64],[-91.829,18.63],[-91.851,18.652],[-91.841,18.664],[-91.789,18.668],[-91.744,18.679],[-91.659,18.718],[-91.641,18.731],[-91.568,18.761],[-91.531,18.779]]],[[[-90.384,20.801],[-90.39,20.526],[-90.374,20.519],[-90.254,20.514],[-90.226,20.507],[-90.213,20.492],[-90.187,20.431],[-90.169,20.424],[-90.147,20.439],[-90.125,20.438],[-90.087,20.4],[-90.068,20.404],[-90.052,20.442],[-90.02,20.47],[-90.003,20.459],[-89.988,20.419],[-89.962,20.393],[-89.967,20.358],[-89.955,20.351],[-89.944,20.319],[-89.871,20.275],[-89.839,20.223],[-89.812,20.138],[-89.792,20.107],[-89.758,20.088],[-89.715,20.076],[-89.676,20.056],[-89.638,20.028],[-89.614,19.995],[-89.591,19.934],[-89.548,19.88],[-89.499,19.838],[-89.464,19.799],[-89.443,19.739],[-89.433,19.669],[-89.415,19.651],[-89.396,19.62],[-89.362,19.582],[-89.304,19.535],[-89.219,19.483],[-89.15,19.422],[-89.098,19.366],[-89.029,19.277],[-89.012,19.232],[-89.021,19.165],[-89.024,19.101],[-89.019,19.082],[-89.025,19.014],[-89.068,18.997],[-89.085,18.971],[-89.076,18.876],[-89.106,18.714],[-89.108,18.681],[-89.101,18.632],[-89.061,18.585],[-89.056,18.558],[-89.076,18.506],[-89.043,18.488],[-89.049,18.459],[-89.066,18.424],[-89.047,18.372],[-89.032,18.227],[-89.036,18.193],[-89.058,18.144],[-89.126,18.063],[-89.156,18.036],[-89.146,17.942],[-89.147,17.814],[-89.729,17.816],[-89.729,17.814],[-90.42,17.818],[-90.42,17.819],[-90.982,17.815],[-90.981,17.878],[-91.085,17.911],[-91.14,17.938],[-91.167,17.922],[-91.198,17.956],[-91.221,17.959],[-91.26,17.982],[-91.286,18.009],[-91.305,18.017],[-91.326,18.041],[-91.342,18.04],[-91.407,18.054],[-91.472,18.071],[-91.559,18.073],[-91.584,18.067],[-91.596,18.017],[-91.587,17.997],[-91.582,17.947],[-91.594,17.92],[-91.661,17.915],[-91.713,17.891],[-91.746,17.916],[-91.801,17.934],[-91.861,17.928],[-91.886,17.949],[-91.913,17.953],[-91.948,18.008],[-91.995,18.032],[-92.037,18.071],[-92.087,18.096],[-92.095,18.116],[-92.136,18.167],[-92.141,18.182],[-92.176,18.241],[-92.179,18.266],[-92.201,18.294],[-92.191,18.321],[-92.189,18.353],[-92.234,18.407],[-92.273,18.393],[-92.3,18.433],[-92.34,18.435],[-92.397,18.473],[-92.423,18.508],[-92.464,18.621],[-92.468,18.65],[-92.397,18.665],[-92.343,18.671],[-92.255,18.675],[-92.174,18.684],[-92.013,18.699],[-91.95,18.694],[-91.915,18.64],[-91.888,18.622],[-91.856,18.61],[-91.88,18.565],[-91.903,18.567],[-91.929,18.589],[-91.941,18.616],[-91.97,18.583],[-91.997,18.599],[-92,18.565],[-92.018,18.543],[-91.994,18.515],[-91.962,18.514],[-91.948,18.525],[-91.966,18.568],[-91.935,18.566],[-91.924,18.549],[-91.901,18.554],[-91.892,18.54],[-91.857,18.526],[-91.851,18.505],[-91.773,18.488],[-91.732,18.471],[-91.639,18.45],[-91.579,18.442],[-91.522,18.446],[-91.516,18.473],[-91.487,18.499],[-91.368,18.544],[-91.337,18.546],[-91.309,18.558],[-91.294,18.621],[-91.284,18.627],[-91.276,18.669],[-91.251,18.681],[-91.237,18.731],[-91.246,18.758],[-91.29,18.796],[-91.327,18.768],[-91.373,18.792],[-91.385,18.829],[-91.36,18.847],[-91.363,18.877],[-91.323,18.91],[-91.356,18.909],[-91.383,18.858],[-91.414,18.831],[-91.435,18.833],[-91.468,18.804],[-91.472,18.782],[-91.498,18.791],[-91.453,18.829],[-91.398,18.888],[-91.308,18.939],[-91.234,18.968],[-91.126,19.027],[-91.081,19.067],[-91.003,19.113],[-90.934,19.158],[-90.86,19.219],[-90.824,19.252],[-90.784,19.282],[-90.74,19.33],[-90.721,19.366],[-90.725,19.404],[-90.713,19.429],[-90.704,19.48],[-90.712,19.562],[-90.69,19.604],[-90.686,19.63],[-90.706,19.652],[-90.707,19.676],[-90.67,19.719],[-90.662,19.758],[-90.625,19.793],[-90.557,19.833],[-90.509,19.866],[-90.493,19.885],[-90.452,19.96],[-90.473,19.995],[-90.463,20.013],[-90.479,20.031],[-90.491,20.062],[-90.479,20.114],[-90.496,20.162],[-90.481,20.173],[-90.486,20.204],[-90.49,20.326],[-90.496,20.342],[-90.484,20.372],[-90.497,20.433],[-90.502,20.5],[-90.481,20.562],[-90.463,20.589],[-90.448,20.634],[-90.442,20.714],[-90.431,20.747],[-90.384,20.801]]]]},"properties":{"name":"Campeche"},"id":"MX-CAM"},{"type":"Feature","geometry":{"type":"MultiPolygon","coordinates":[[[[-114.739,18.374],[-114.725,18.366],[-114.692,18.371],[-114.699,18.344],[-114.729,18.349],[-114.752,18.338],[-114.757,18.366],[-114.739,18.374]]],[[[-110.799,19.336],[-110.79,19.311],[-110.808,19.286],[-110.82,19.308],[-110.799,19.336]]],[[[-110.69,25.313],[-110.708,25.269],[-110.728,25.261],[-110.734,25.288],[-110.714,25.306],[-110.69,25.313]]],[[[-115.216,27.898],[-115.162,27.871],[-115.165,27.852],[-115.216,27.898]]],[[[-112.131,25.272],[-112.123,25.222],[-112.159,25.13],[-112.166,25.098],[-112.164,25.064],[-112.172,25.032],[-112.162,25.02],[-112.162,24.986],[-112.193,24.961],[-112.186,24.934],[-112.166,24.912],[-112.179,24.871],[-112.204,24.869],[-112.217,24.849],[-112.21,24.823],[-112.188,24.806],[-112.165,24.777],[-112.171,24.766],[-112.134,24.736],[-112.13,24.708],[-112.117,24.687],[-112.143,24.647],[-112.135,24.63],[-112.107,24.619],[-112.057,24.552],[-112.06,24.538],[-112.102,24.558],[-112.104,24.582],[-112.131,24.616],[-112.147,24.62],[-112.175,24.652],[-112.168,24.671],[-112.145,24.669],[-112.136,24.688],[-112.141,24.727],[-112.173,24.763],[-112.226,24.788],[-112.275,24.775],[-112.303,24.791],[-112.27,24.852],[-112.21,25.004],[-112.154,25.186],[-112.14,25.265],[-112.131,25.272]]],[[[-110.774,25.713],[-110.756,25.6],[-110.79,25.61],[-110.806,25.661],[-110.794,25.695],[-110.774,25.713]]],[[[-111.035,25.715],[-111.018,25.694],[-111.013,25.669],[-111.043,25.658],[-111.059,25.709],[-111.035,25.715]]],[[[-114.149,27.953],[-114.123,27.953],[-114.095,27.953],[-112.828,27.949],[-112.794,27.94],[-112.768,27.879],[-112.771,27.861],[-112.729,27.823],[-112.703,27.755],[-112.66,27.709],[-112.643,27.71],[-112.622,27.677],[-112.602,27.669],[-112.594,27.65],[-112.529,27.638],[-112.483,27.62],[-112.461,27.597],[-112.424,27.592],[-112.359,27.552],[-112.355,27.537],[-112.331,27.518],[-112.318,27.46],[-112.318,27.43],[-112.297,27.402],[-112.303,27.385],[-112.269,27.357],[-112.261,27.333],[-112.237,27.321],[-112.231,27.297],[-112.198,27.242],[-112.215,27.215],[-112.166,27.172],[-112.111,27.14],[-112.063,27.126],[-112.01,27.117],[-111.991,27.096],[-111.954,27.097],[-111.948,27.071],[-111.97,27.07],[-112.006,27.033],[-112.015,26.976],[-112.008,26.958],[-111.975,26.937],[-111.948,26.89],[-111.912,26.873],[-111.911,26.857],[-111.874,26.833],[-111.861,26.784],[-111.889,26.764],[-111.908,26.718],[-111.861,26.692],[-111.85,26.65],[-111.807,26.626],[-111.779,26.565],[-111.739,26.538],[-111.699,26.561],[-111.677,26.588],[-111.766,26.677],[-111.797,26.692],[-111.815,26.716],[-111.816,26.767],[-111.851,26.88],[-111.822,26.896],[-111.795,26.884],[-111.748,26.846],[-111.721,26.807],[-111.667,26.774],[-111.648,26.747],[-111.562,26.697],[-111.567,26.665],[-111.563,26.622],[-111.569,26.571],[-111.555,26.551],[-111.5,26.53],[-111.447,26.521],[-111.454,26.488],[-111.471,26.462],[-111.469,26.418],[-111.44,26.39],[-111.424,26.35],[-111.395,26.339],[-111.386,26.321],[-111.383,26.28],[-111.397,26.256],[-111.378,26.218],[-111.374,26.181],[-111.36,26.166],[-111.344,26.112],[-111.324,26.099],[-111.318,26.07],[-111.341,26.037],[-111.338,25.988],[-111.358,25.962],[-111.354,25.926],[-111.336,25.905],[-111.342,25.879],[-111.308,25.811],[-111.306,25.773],[-111.264,25.746],[-111.211,25.701],[-111.216,25.69],[-111.2,25.655],[-111.194,25.614],[-111.164,25.572],[-111.12,25.527],[-111.073,25.516],[-111.018,25.516],[-111.019,25.462],[-111.026,25.457],[-111.001,25.388],[-110.98,25.343],[-110.946,25.312],[-110.946,25.268],[-110.931,25.212],[-110.906,25.183],[-110.908,25.147],[-110.88,25.127],[-110.863,25.081],[-110.829,25.064],[-110.808,25.031],[-110.79,25.036],[-110.759,25.013],[-110.749,24.966],[-110.708,24.908],[-110.689,24.875],[-110.674,24.83],[-110.658,24.809],[-110.665,24.766],[-110.683,24.744],[-110.695,24.701],[-110.707,24.698],[-110.729,24.667],[-110.74,24.625],[-110.738,24.554],[-110.729,24.516],[-110.687,24.465],[-110.693,24.405],[-110.683,24.395],[-110.682,24.36],[-110.639,24.314],[-110.634,24.291],[-110.612,24.257],[-110.581,24.239],[-110.551,24.208],[-110.478,24.187],[-110.377,24.173],[-110.329,24.177],[-110.326,24.167],[-110.378,24.149],[-110.409,24.172],[-110.426,24.163],[-110.418,24.11],[-110.389,24.106],[-110.351,24.114],[-110.351,24.143],[-110.322,24.156],[-110.303,24.18],[-110.3,24.216],[-110.337,24.297],[-110.326,24.336],[-110.297,24.353],[-110.235,24.345],[-110.235,24.316],[-110.192,24.294],[-110.175,24.253],[-110.151,24.249],[-110.122,24.226],[-110.089,24.216],[-110.07,24.199],[-110.007,24.158],[-109.994,24.11],[-109.987,24.047],[-109.931,24.029],[-109.881,24.039],[-109.827,24.061],[-109.826,24.04],[-109.804,24.022],[-109.84,23.953],[-109.829,23.916],[-109.774,23.877],[-109.737,23.842],[-109.7,23.8],[-109.71,23.767],[-109.711,23.728],[-109.697,23.695],[-109.698,23.666],[-109.683,23.648],[-109.639,23.627],[-109.595,23.615],[-109.584,23.604],[-109.519,23.582],[-109.512,23.569],[-109.468,23.552],[-109.481,23.522],[-109.459,23.484],[-109.424,23.445],[-109.432,23.42],[-109.415,23.404],[-109.428,23.366],[-109.429,23.295],[-109.44,23.267],[-109.436,23.242],[-109.459,23.195],[-109.534,23.11],[-109.576,23.083],[-109.616,23.079],[-109.664,23.064],[-109.712,23.033],[-109.713,23.006],[-109.736,22.988],[-109.76,22.985],[-109.796,22.964],[-109.817,22.925],[-109.854,22.897],[-109.892,22.896],[-109.917,22.871],[-109.963,22.871],[-110.019,22.905],[-110.06,22.946],[-110.085,22.988],[-110.107,23.048],[-110.119,23.103],[-110.154,23.232],[-110.165,23.311],[-110.198,23.364],[-110.231,23.405],[-110.23,23.418],[-110.265,23.479],[-110.299,23.527],[-110.338,23.569],[-110.383,23.599],[-110.459,23.634],[-110.543,23.666],[-110.585,23.69],[-110.656,23.744],[-110.756,23.845],[-110.844,23.937],[-110.869,23.955],[-110.91,23.996],[-110.965,24.042],[-111.008,24.07],[-111.012,24.085],[-111.051,24.113],[-111.211,24.205],[-111.251,24.234],[-111.366,24.291],[-111.481,24.353],[-111.476,24.362],[-111.523,24.408],[-111.542,24.414],[-111.57,24.406],[-111.582,24.433],[-111.608,24.435],[-111.629,24.514],[-111.656,24.569],[-111.683,24.583],[-111.699,24.538],[-111.796,24.546],[-111.798,24.518],[-111.822,24.519],[-111.816,24.573],[-111.845,24.646],[-111.908,24.714],[-111.933,24.734],[-111.944,24.762],[-111.971,24.752],[-111.966,24.736],[-112.025,24.745],[-112.077,24.764],[-112.105,24.78],[-112.091,24.834],[-112.116,24.848],[-112.123,24.877],[-112.097,24.912],[-112.092,24.944],[-112.116,24.983],[-112.139,24.949],[-112.127,24.922],[-112.143,24.904],[-112.137,24.841],[-112.141,24.811],[-112.17,24.811],[-112.189,24.854],[-112.171,24.869],[-112.158,24.91],[-112.161,24.933],[-112.178,24.936],[-112.184,24.961],[-112.152,24.977],[-112.137,24.998],[-112.123,25.038],[-112.122,25.073],[-112.156,25.069],[-112.15,25.137],[-112.115,25.21],[-112.115,25.24],[-112.104,25.274],[-112.076,25.279],[-112.073,25.367],[-112.093,25.371],[-112.083,25.442],[-112.091,25.48],[-112.079,25.517],[-112.067,25.519],[-112.062,25.606],[-112.071,25.618],[-112.067,25.652],[-112.099,25.691],[-112.101,25.753],[-112.112,25.796],[-112.13,25.815],[-112.141,25.857],[-112.162,25.896],[-112.174,25.943],[-112.194,25.989],[-112.231,26.034],[-112.277,26.062],[-112.308,26.072],[-112.321,26.13],[-112.343,26.175],[-112.388,26.227],[-112.409,26.245],[-112.455,26.262],[-112.472,26.26],[-112.48,26.236],[-112.498,26.231],[-112.625,26.315],[-112.653,26.325],[-112.68,26.314],[-112.711,26.357],[-112.815,26.424],[-112.883,26.482],[-112.96,26.523],[-113.034,26.573],[-113.067,26.605],[-113.076,26.629],[-113.071,26.659],[-113.112,26.713],[-113.13,26.725],[-113.15,26.756],[-113.15,26.777],[-113.168,26.797],[-113.182,26.759],[-113.21,26.763],[-113.242,26.784],[-113.21,26.79],[-113.2,26.806],[-113.148,26.846],[-113.131,26.892],[-113.138,26.937],[-113.164,26.993],[-113.188,26.969],[-113.202,26.916],[-113.197,26.895],[-113.203,26.854],[-113.225,26.837],[-113.253,26.845],[-113.268,26.818],[-113.271,26.767],[-113.283,26.75],[-113.337,26.786],[-113.369,26.798],[-113.429,26.807],[-113.418,26.833],[-113.475,26.825],[-113.507,26.793],[-113.522,26.751],[-113.548,26.74],[-113.548,26.72],[-113.577,26.705],[-113.609,26.714],[-113.641,26.733],[-113.669,26.784],[-113.687,26.794],[-113.733,26.798],[-113.764,26.881],[-113.797,26.931],[-113.87,26.979],[-113.921,26.995],[-113.958,26.999],[-114.001,26.972],[-114.052,27.02],[-114.064,27.055],[-114.096,27.091],[-114.139,27.12],[-114.188,27.14],[-114.268,27.151],[-114.298,27.127],[-114.338,27.159],[-114.363,27.164],[-114.395,27.183],[-114.416,27.169],[-114.435,27.178],[-114.433,27.206],[-114.488,27.229],[-114.485,27.283],[-114.489,27.355],[-114.508,27.411],[-114.523,27.426],[-114.577,27.452],[-114.602,27.479],[-114.633,27.487],[-114.669,27.506],[-114.716,27.522],[-114.735,27.522],[-114.758,27.548],[-114.781,27.602],[-114.848,27.647],[-114.85,27.683],[-114.878,27.699],[-114.902,27.666],[-114.933,27.678],[-114.946,27.71],[-114.987,27.729],[-115.009,27.72],[-115.036,27.761],[-115.052,27.82],[-115.083,27.847],[-115.052,27.862],[-115.009,27.829],[-114.969,27.826],[-114.916,27.837],[-114.855,27.829],[-114.84,27.811],[-114.786,27.817],[-114.766,27.808],[-114.721,27.807],[-114.703,27.789],[-114.671,27.79],[-114.639,27.778],[-114.6,27.774],[-114.567,27.785],[-114.529,27.786],[-114.505,27.773],[-114.458,27.791],[-114.408,27.82],[-114.383,27.808],[-114.353,27.813],[-114.347,27.834],[-114.372,27.836],[-114.342,27.872],[-114.328,27.878],[-114.294,27.868],[-114.296,27.834],[-114.315,27.78],[-114.312,27.766],[-114.284,27.735],[-114.264,27.727],[-114.225,27.693],[-114.174,27.68],[-114.09,27.613],[-114.049,27.651],[-114.047,27.683],[-114.031,27.683],[-114.0,27.662],[-113.963,27.657],[-113.9,27.552],[-113.865,27.547],[-113.841,27.588],[-113.852,27.608],[-113.89,27.625],[-113.904,27.646],[-113.899,27.683],[-113.879,27.712],[-113.893,27.738],[-113.897,27.774],[-113.888,27.806],[-113.958,27.857],[-113.999,27.79],[-113.991,27.749],[-114.118,27.706],[-114.184,27.75],[-114.174,27.769],[-114.18,27.822],[-114.133,27.884],[-114.158,27.927],[-114.149,27.953]]],[[[-110.36,24.534],[-110.336,24.524],[-110.306,24.487],[-110.29,24.476],[-110.308,24.455],[-110.307,24.425],[-110.327,24.402],[-110.349,24.401],[-110.347,24.431],[-110.376,24.441],[-110.371,24.459],[-110.39,24.481],[-110.382,24.505],[-110.393,24.522],[-110.36,24.534]]],[[[-113.23,26.731],[-113.177,26.72],[-113.154,26.694],[-113.147,26.663],[-113.185,26.686],[-113.264,26.703],[-113.268,26.713],[-113.23,26.731]]],[[[-111.988,24.526],[-111.977,24.519],[-111.9,24.516],[-111.863,24.52],[-111.841,24.502],[-111.819,24.467],[-111.781,24.463],[-111.749,24.441],[-111.723,24.394],[-111.707,24.383],[-111.695,24.352],[-111.71,24.321],[-111.779,24.367],[-111.877,24.442],[-111.935,24.474],[-111.947,24.489],[-111.986,24.505],[-111.988,24.526]]],[[[-109.931,24.374],[-109.887,24.311],[-109.871,24.273],[-109.841,24.227],[-109.819,24.206],[-109.798,24.158],[-109.817,24.142],[-109.864,24.147],[-109.893,24.185],[-109.921,24.255],[-109.918,24.289],[-109.937,24.325],[-109.931,24.374]]],[[[-111.062,26.068],[-111.082,26.032],[-111.079,25.972],[-111.099,25.995],[-111.122,25.979],[-111.155,25.931],[-111.181,25.901],[-111.181,25.868],[-111.204,25.848],[-111.204,25.823],[-111.228,25.822],[-111.233,25.849],[-111.217,25.866],[-111.21,25.926],[-111.199,25.953],[-111.168,25.989],[-111.176,26.042],[-111.104,26.052],[-111.062,26.068]]],[[[-112.094,25.68],[-112.094,25.629],[-112.088,25.605],[-112.095,25.514],[-112.106,25.513],[-112.097,25.584],[-112.098,25.678],[-112.094,25.68]]],[[[-110.706,25.105],[-110.681,25.061],[-110.59,25.033],[-110.573,25.011],[-110.566,24.98],[-110.57,24.955],[-110.532,24.888],[-110.551,24.873],[-110.636,24.926],[-110.656,24.947],[-110.683,25.021],[-110.695,25.021],[-110.719,25.053],[-110.706,25.105]]],[[[-110.394,24.592],[-110.36,24.543],[-110.383,24.531],[-110.408,24.544],[-110.412,24.573],[-110.394,24.592]]],[[[-111.886,27.456],[-111.869,27.454],[-111.858,27.432],[-111.895,27.431],[-111.886,27.456]]],[[[-112.089,27.26],[-112.047,27.224],[-112.043,27.209],[-112.06,27.18],[-112.085,27.186],[-112.089,27.216],[-112.105,27.237],[-112.089,27.26]]],[[[-110.988,18.868],[-110.958,18.838],[-110.947,18.841],[-110.919,18.801],[-110.919,18.734],[-110.953,18.718],[-110.97,18.744],[-111.001,18.756],[-111.016,18.752],[-111.048,18.802],[-111.037,18.822],[-111.015,18.825],[-111.01,18.848],[-110.988,18.868]]]]},"properties":{"name":"Baja California Sur"},"id":"MX-BCS"},{"type":"Feature","geometry":{"type":"MultiPolygon","coordinates":[[[[-112.893,28.679],[-112.86,28.673],[-112.803,28.636],[-112.753,28.593],[-112.775,28.576],[-112.799,28.61],[-112.868,28.653],[-112.893,28.679]]],[[[-113.557,29.552],[-113.558,29.535],[-113.513,29.54],[-113.476,29.531],[-113.431,29.492],[-113.425,29.474],[-113.394,29.46],[-113.363,29.395],[-113.352,29.383],[-113.375,29.353],[-113.37,29.312],[-113.346,29.296],[-113.205,29.285],[-113.181,29.289],[-113.171,29.182],[-113.174,29.127],[-113.154,29.094],[-113.15,29.067],[-113.102,29.054],[-113.115,29.025],[-113.115,28.987],[-113.155,29.015],[-113.188,29.028],[-113.201,29.048],[-113.249,29.073],[-113.263,29.103],[-113.302,29.146],[-113.354,29.171],[-113.369,29.191],[-113.405,29.209],[-113.431,29.243],[-113.443,29.275],[-113.497,29.284],[-113.507,29.323],[-113.57,29.401],[-113.589,29.409],[-113.595,29.439],[-113.564,29.504],[-113.572,29.538],[-113.557,29.552]]],[[[-115.216,28.377],[-115.194,28.361],[-115.196,28.338],[-115.164,28.26],[-115.174,28.224],[-115.159,28.193],[-115.159,28.139],[-115.186,28.107],[-115.184,28.033],[-115.209,28.04],[-115.231,28.028],[-115.257,28.039],[-115.263,28.069],[-115.281,28.089],[-115.304,28.096],[-115.359,28.08],[-115.356,28.107],[-115.307,28.146],[-115.247,28.214],[-115.265,28.296],[-115.25,28.315],[-115.255,28.338],[-115.244,28.362],[-115.216,28.377]]],[[[-114.123,27.953],[-114.149,27.953],[-114.18,27.948],[-114.207,27.918],[-114.234,27.918],[-114.264,27.887],[-114.276,27.913],[-114.268,27.941],[-114.201,28.004],[-114.145,28.074],[-114.12,28.08],[-114.118,28.045],[-114.15,28.018],[-114.151,28.0],[-114.123,27.953]]],[[[-112.555,28.732],[-112.541,28.709],[-112.552,28.674],[-112.598,28.672],[-112.614,28.707],[-112.612,28.727],[-112.555,28.732]]],[[[-114.814,32.495],[-114.848,32.478],[-114.867,32.492],[-114.915,32.493],[-114.945,32.441],[-114.945,32.422],[-114.964,32.405],[-114.966,32.36],[-114.981,32.336],[-115.034,32.294],[-115.038,32.277],[-115.002,32.243],[-114.982,32.209],[-115.007,32.146],[-114.995,32.108],[-114.995,32.077],[-115.012,32.018],[-115.002,31.984],[-115.026,31.951],[-114.988,31.919],[-114.978,31.924],[-114.933,31.897],[-114.897,31.886],[-114.846,31.855],[-114.799,31.82],[-114.818,31.761],[-114.813,31.724],[-114.789,31.683],[-114.781,31.624],[-114.806,31.605],[-114.826,31.574],[-114.855,31.492],[-114.85,31.436],[-114.859,31.371],[-114.872,31.34],[-114.881,31.29],[-114.893,31.263],[-114.88,31.24],[-114.891,31.164],[-114.884,31.119],[-114.866,31.088],[-114.832,31.067],[-114.811,31.045],[-114.832,31.022],[-114.833,31.0],[-114.79,30.967],[-114.72,30.936],[-114.704,30.864],[-114.71,30.842],[-114.696,30.815],[-114.701,30.771],[-114.692,30.742],[-114.705,30.719],[-114.694,30.678],[-114.699,30.635],[-114.68,30.591],[-114.651,30.555],[-114.648,30.525],[-114.631,30.495],[-114.638,30.454],[-114.63,30.419],[-114.644,30.374],[-114.636,30.346],[-114.656,30.278],[-114.641,30.267],[-114.651,30.224],[-114.668,30.192],[-114.653,30.175],[-114.627,30.12],[-114.603,30.107],[-114.584,30.074],[-114.583,30.052],[-114.565,30.011],[-114.534,29.968],[-114.484,29.947],[-114.472,29.915],[-114.434,29.91],[-114.409,29.879],[-114.409,29.816],[-114.392,29.783],[-114.359,29.772],[-114.341,29.747],[-114.294,29.742],[-114.281,29.772],[-114.245,29.763],[-114.209,29.745],[-114.2,29.728],[-114.16,29.692],[-114.148,29.694],[-114.109,29.652],[-114.072,29.636],[-114.045,29.596],[-113.98,29.567],[-113.942,29.524],[-113.896,29.485],[-113.862,29.463],[-113.836,29.456],[-113.831,29.435],[-113.774,29.411],[-113.751,29.382],[-113.722,29.362],[-113.695,29.325],[-113.637,29.283],[-113.625,29.253],[-113.654,29.223],[-113.643,29.183],[-113.608,29.157],[-113.591,29.129],[-113.57,29.116],[-113.567,29.095],[-113.539,29.059],[-113.562,29.018],[-113.544,28.961],[-113.557,28.952],[-113.525,28.893],[-113.492,28.889],[-113.471,28.914],[-113.487,28.927],[-113.47,28.949],[-113.451,28.939],[-113.432,28.952],[-113.416,28.924],[-113.375,28.91],[-113.381,28.894],[-113.366,28.87],[-113.37,28.836],[-113.355,28.803],[-113.311,28.804],[-113.259,28.84],[-113.216,28.819],[-113.199,28.796],[-113.195,28.753],[-113.159,28.66],[-113.128,28.631],[-113.128,28.59],[-113.113,28.551],[-113.104,28.506],[-113.076,28.486],[-113.041,28.477],[-113.001,28.454],[-112.943,28.463],[-112.904,28.475],[-112.884,28.463],[-112.882,28.437],[-112.845,28.421],[-112.859,28.404],[-112.849,28.381],[-112.87,28.336],[-112.873,28.289],[-112.794,28.19],[-112.811,28.143],[-112.813,28.118],[-112.803,28.084],[-112.788,28.067],[-112.804,28.023],[-112.785,28.004],[-112.766,28.003],[-112.756,27.968],[-112.767,27.939],[-112.762,27.892],[-112.768,27.879],[-112.794,27.94],[-112.828,27.949],[-114.094,27.953],[-114.085,27.972],[-114.099,27.989],[-114.101,28.036],[-114.067,27.993],[-114.041,28.022],[-114.069,28.055],[-114.1,28.057],[-114.103,28.106],[-114.114,28.118],[-114.064,28.187],[-114.053,28.224],[-114.07,28.257],[-114.105,28.238],[-114.125,28.256],[-114.074,28.359],[-114.047,28.44],[-114.048,28.47],[-114.068,28.486],[-114.069,28.514],[-114.086,28.522],[-114.099,28.548],[-114.116,28.558],[-114.151,28.56],[-114.161,28.57],[-114.155,28.61],[-114.164,28.641],[-114.181,28.656],[-114.241,28.666],[-114.269,28.66],[-114.269,28.688],[-114.309,28.723],[-114.348,28.737],[-114.343,28.758],[-114.362,28.799],[-114.397,28.815],[-114.405,28.861],[-114.419,28.881],[-114.438,28.883],[-114.447,28.905],[-114.485,28.93],[-114.546,28.935],[-114.551,28.959],[-114.578,28.975],[-114.599,28.975],[-114.609,29.06],[-114.635,29.096],[-114.677,29.113],[-114.703,29.101],[-114.735,29.135],[-114.745,29.182],[-114.814,29.214],[-114.819,29.229],[-114.847,29.246],[-114.879,29.284],[-114.936,29.341],[-114.951,29.361],[-114.985,29.382],[-115.012,29.385],[-115.067,29.414],[-115.107,29.421],[-115.153,29.42],[-115.19,29.428],[-115.211,29.472],[-115.251,29.516],[-115.298,29.54],[-115.348,29.557],[-115.378,29.558],[-115.458,29.625],[-115.505,29.616],[-115.566,29.666],[-115.585,29.692],[-115.621,29.695],[-115.679,29.743],[-115.697,29.765],[-115.686,29.809],[-115.685,29.839],[-115.698,29.891],[-115.744,29.948],[-115.807,29.968],[-115.786,30.057],[-115.782,30.092],[-115.804,30.134],[-115.796,30.189],[-115.796,30.247],[-115.803,30.279],[-115.835,30.34],[-115.861,30.367],[-115.916,30.402],[-115.943,30.41],[-115.945,30.446],[-115.978,30.427],[-115.996,30.451],[-116.036,30.457],[-116.049,30.472],[-116.032,30.572],[-116.026,30.656],[-116.033,30.697],[-116.047,30.718],[-116.052,30.779],[-116.073,30.815],[-116.097,30.818],[-116.154,30.862],[-116.176,30.861],[-116.208,30.891],[-116.216,30.914],[-116.244,30.932],[-116.267,30.965],[-116.329,30.958],[-116.339,30.974],[-116.312,31.096],[-116.31,31.156],[-116.352,31.214],[-116.365,31.249],[-116.392,31.282],[-116.449,31.324],[-116.456,31.347],[-116.485,31.377],[-116.522,31.432],[-116.574,31.465],[-116.601,31.462],[-116.609,31.497],[-116.659,31.528],[-116.67,31.552],[-116.691,31.569],[-116.65,31.587],[-116.668,31.618],[-116.649,31.661],[-116.696,31.716],[-116.709,31.711],[-116.743,31.745],[-116.725,31.749],[-116.661,31.718],[-116.619,31.751],[-116.62,31.782],[-116.609,31.816],[-116.611,31.839],[-116.627,31.86],[-116.66,31.859],[-116.7,31.895],[-116.746,31.902],[-116.756,31.913],[-116.763,31.964],[-116.782,31.978],[-116.831,31.978],[-116.856,31.991],[-116.88,32.018],[-116.879,32.053],[-116.885,32.121],[-116.908,32.166],[-116.918,32.217],[-116.936,32.242],[-116.978,32.258],[-117.021,32.267],[-117.04,32.285],[-117.054,32.33],[-117.082,32.383],[-117.125,32.485],[-117.124,32.531],[-116.691,32.568],[-116.278,32.603],[-116.007,32.624],[-115.659,32.651],[-115.067,32.694],[-114.719,32.718],[-114.749,32.662],[-114.782,32.623],[-114.809,32.616],[-114.789,32.556],[-114.803,32.548],[-114.814,32.495]]],[[[-118.263,29.191],[-118.288,29.145],[-118.282,29.108],[-118.254,29.095],[-118.23,29.067],[-118.222,29.013],[-118.23,28.994],[-118.221,28.965],[-118.228,28.922],[-118.248,28.892],[-118.278,28.883],[-118.3,28.935],[-118.292,28.968],[-118.314,28.98],[-118.308,29.012],[-118.317,29.037],[-118.366,29.081],[-118.352,29.116],[-118.364,29.15],[-118.334,29.171],[-118.302,29.17],[-118.263,29.191]]]]},"properties":{"name":"Baja California"},"id":"MX-BCN"},{"type":"Feature","geometry":{"type":"Polygon","coordinates":[[[-102.775,21.688],[-102.788,21.692],[-102.842,21.737],[-102.868,21.772],[-102.871,21.817],[-102.85,21.869],[-102.822,21.924],[-102.779,21.983],[-102.709,22.06],[-102.689,22.095],[-102.674,22.137],[-102.665,22.193],[-102.652,22.216],[-102.609,22.243],[-102.562,22.247],[-102.537,22.257],[-102.478,22.297],[-102.398,22.33],[-102.35,22.365],[-102.335,22.412],[-102.306,22.418],[-102.275,22.366],[-102.222,22.316],[-102.168,22.28],[-102.07,22.239],[-102.044,22.218],[-102.033,22.164],[-102.021,22.128],[-101.994,22.071],[-101.975,22.052],[-101.965,22.03],[-101.976,21.998],[-101.974,21.97],[-101.922,21.928],[-101.896,21.89],[-101.923,21.872],[-101.98,21.859],[-102.067,21.817],[-102.086,21.797],[-102.141,21.718],[-102.169,21.684],[-102.198,21.666],[-102.246,21.654],[-102.318,21.627],[-102.368,21.625],[-102.4,21.645],[-102.455,21.663],[-102.498,21.704],[-102.525,21.715],[-102.61,21.724],[-102.646,21.722],[-102.693,21.729],[-102.72,21.723],[-102.775,21.688]]]},"properties":{"name":"Aguascalientes"},"id":"MX-AGU"}]}